{"classification": "classification", "recordedBy": "recordedBy", "recordNumber": "recordNumber", "学名": "scientificName", "科名": "family", "鉴定人": "identifiedBy", "鉴定日期": "dateIdentified", "vernacularName": "vernacularName", "eventDate": "eventDate", "country": "country", "stateProvince": "province", "city": "city", "county": "county", "locality": "locality", "decimalLatitude": "decimalLatitude", "decimalLongitude": "decimalLongitude", "minimumElevationInMeters": "minimumElevationInMeters", "maximumElevationInMeters": "maximumElevationInMeters", "habitat": "habitat", "植物习性": "habit", "体高": "height", "花": "flower", "叶": "leaf", "果实": "fruit", "茎": "stem", "根": "root", "occurrenceRemarks": "occurrenceRemarks", "relationshipEstablishedTime": "relationshipEstablishedTime", "associatedMedia": "associatedMedia", "individualCount": "individualCount", "molecularMaterialSample": "molecularMaterialSample", "seedMaterialSample": "seedMaterialSample", "livingMaterialSample": "livingMaterialSample"}