{
    "verbatimCoordinates":[
        "原始坐标",
        "经纬度",
        "经纬度坐标",
        "经/纬度",
        "地理坐标",
        "GPS",
        "VERBATIMCOORDINATES"
    ],
    "higherGeographyID":[
        "行政区划代码",
        "行政区编码",
        "HIGHERGEOGRAPHYID"
    ],
    "higherGeography": [
        "行政区划",
        "行政区",
        "HIGHERGEOGRAPHY"
    ],
    "georeferenceSources":[
        "地理参考",
        "地理参考源",
        "GEOREFERENCESOURCES",
        "GEOREFERENCE_SOURCES",
        "GEOREFERENCESOURCES"
    ],
    "materialSampleID":[
        "MATERIALSAMPLEID"
    ],
    "dynamicProperties":[
    ],
    "duplicatesOfLabel":[
        "DUPLICATESOFLABEL",
        "标签复份",
        "标签数量"
    ],
    "labelTitle":[
        "LABELTITLE",
        "标签标题",
        "TITLE"
    ],
    "labelNote":[
        "LABELNOTE",
        "标签备注"
    ],
    "labelSubtitle":[
        "LABELSUBTITLE",
        "标签副标题",
        "标签小标题"
    ],
    "verbatimElevation":[
        "原始海拔记录",
        "VERBATIMELEVATION",
        "ELEVATION"
    ],
    "georeferenceProtocol":[
        "地理位置获取方式",
        "地理位置确定方式",
        "GEOREFERENCEPROTOCOL"
    ],
    "datasetName":[
        "数据集",
        "数据集名称",
        "DATASETNAME"
    ],
    "countryCode":[
        "国家代码",
        "COUNTRYCODE"
    ],
    "category":[
    ],
    "elevationUnit":[
        "海拔单位",
        "ELEVATIONUNIT"
    ],
    "temporaryIdentification":[
        "临时鉴定",
        "野外鉴定",
        "TEMPORARYIDENTIFICATION"
    ],
    "vernacularName":[
        "CHINESENAME",
        "CNNAME",
        "中文名",
        "中文种名",
        "中名",
        "种中文名",
        "COMMONNAME",
        "VERNACULARNAME"
    ],
    "occurrenceID":[
        "唯一标识符",
        "数据库标识",
        "OCCURRENCEID"
    ],
    "geodeticDatum":[
        "坐标系",
        "坐标基准",
        "GEODETICDATUM"
    ],
    "fieldNotes":[
        "考察记录",
        "野外记录",
        "FIELDNOTE"
    ],
    "fieldNumber":[
        "鸟网号",
        "陷阱号",
        "FIELDNUMBER"
    ],
    "associatedReferences":[
        "相关文献",
        "ASSOCIATEDREFERENCES"
    ],
    "establishmentMeans":[
        "坐落方式",
        "建群方式",
        "ESTABLISHMENTMEANS"
    ],
    "thumbnails":[
        "缩略图",
        "THUMBNAILS"
    ],
    "DataApi":[
        "数据接口",
        "DATAAPI"
    ],
    "license":[
        "授权",
        "授权协议",
        "LICENCE",
        "LICENSE"
    ],
    "rightsHolder":[
    "版权代理",
    "所有权代理",
    "所有权代理人",
    "PROVIDER",
    "RIGHTSHOLDER",
    "所有权",
    "版权所有",
    "版权",
    "所有者",
    "COPYRIGHT",
    "RIGHTS"
],
    "dataFrom":[
        "数据来源"
    ],
    "identifiedByID":[
        "鉴定者ID",
        "IDENTIFIEDbYID"
        ],
    "nameAccordingTo":[
        "名称来源",
        "学名来源",
        "NAMEACCORDINGTO"
    ],
    "originalNameUsage":[
        "原名",
        "基名",
        "ORIGINALNAMEUSAGE"
    ],
    "namePublishedInYear": [
        "名称发表年份",
        "出版年份",
        "NAMEPUBLISHEDINYEAR"
    ],
    "originalNameUsageID": [
        "基名ID",
        "ORIGINALNAMEUSAGEID"
    ],
    "taxonID": [
        "IDENTIFICATIONID",
        "鉴定ID",
        "TAXONID"
    ],
    "scientificNameID": [
        "学名ID",
        "SCIENTIFICNAMEID"
    ],
    "acceptedNameUsageID": [
        "接受名ID",
        "ACCEPTEDNAMEUSAGEID"
    ],
    "taxonomicStatus": [
        "分类学状态",
        "TAXONOMICSTATUS"
    ],
    "nomenclaturalStatus": [
        "命名学状态",
        "NOMENCLATURALSTATUS"
    ],
    "namePublishedIn": [
        "CITE1",
        "发表期刊",
        "出版物",
        "名称来源",
        "NAMEPUBLISHEDIN"
    ],
    "verbatimLocality": [
        "原签产地",
        "VERBATIMLOCALITY"
    ],
    "minimumDistanceAboveSurfaceInMeters": [
        "最小距离",
        "MINIMUMDISTANCEABOVESURFACEINMETERS"
    ],
    "maximumDistanceAboveSurfaceInMeters": [
        "最大距离",
        "MAXIMUMDISTANCEABOVESURFACEINMETERS"
    ],
    "minimumDepthInMeters": [
        "水深低",
        "水深",
        "最小深度",
        "MINIMUMDEPTHINMETERS"
    ],
    "maximumDepthInMeters": [
        "水深高",
        "最大水深",
        "最大深度",
        "MAXIMUMDEPTHINMETERS"
    ],
    "mountain": [
        "山脉",
        "MOUNTAIN"
    ],
    "waterBody": [
        "湖泊名称",
        "WATERBODY"
    ],
    "numOfEggsTaken": [
        "鸟卵数量",
        "NUMOFEGGSTAKEN"
    ],
    "incubation": [
        "孵化",
        "孵卵",
        "INCUBATION"
    ],
    "constructionOfNest": [
        "鸟巢构造",
        "CONSTRUCTIONOFNEST"
    ],
    "heightOfNest": [
        "巢高",
        "离地高度",
        "HEIGHTOFNEST"
    ],
    "substrateOfNest": [
        "巢基",
        "SUBSTRATEOFNEST"
    ],
    "sex": [
        "性别",
        "SEX"
    ],
    "weightInKiloGrams": [
        "体重",
        "体重（千克）",
        "体重(千克)",
        "体重(kG)",
        "重量",
        "WEIGHTINKILOGRAMS"
    ],
    "weightInGrams": [
        "体重",
        "体重（克）",
        "体重(克)",
        "体重（g）",
        "体重(g)",
        "重量",
        "WEIGHTINGRAMS"
    ],
    "bodyLengthInMillimeters": [
        "体长",
        "体长（CM）",
        "体长(CM)",
        "全长",
        "BODYLENGTHINMILLIMETERS"
    ],
    "wingChordInMillimeters": [
        "翅长",
        "WINGcHORDINMILLIMETERS"
    ],
    "tailLengthInMillimeters": [
        "尾长",
        "尾翼长",
        "TAILlENGTHINMILLIMETERS"
    ],
    "exposedCulmenInMillimeters": [
        "嘴峰",
        "EXPOSEDCULMENINMILLIMETERS"
    ],
    "tarsusInMillimeters": [
        "跗蹠长",
        "TARSUSINMILLIMETERS"
    ],
    "irisColor": [
        "虹膜",
        "虹膜颜色",
        "IRISCOLOR"
    ],
    "billColor": [
        "嘴色",
        "BILLCOLOR"
    ],
    "legsColor": [
        "脚色",
        "腿色",
        "LEGSCOLOR"
    ],
    "fat": [
        "脂肪",
        "FAT"
    ],
    "preparations": [
        "处理方式",
        "保存方式",
        "保藏方式",
        "PREPARATIONS"
    ],
    "samplingProtocol": [
        "捕获方式",
        "采集方式",
        "获得方式",
        "获取方式",
        "SAMPLINGPROTOCOL"
    ],
    "basisOfRecord": [
        "记录依据",
        "数据依据",
        "BASISOFRECORD"
    ],
    "decimalLongitude": [
        "经度",
        "LON",
        "LONGITUDE",
        "DECIMALLONGITUDE"
    ],
    "preservedTime": [
        "入库时间",
        "馆藏时间",
        "入馆时间",
        "馆藏日期",
        "入库日期",
        "收藏时间",
        "收藏日期",
        "入库日期",
        "PRESERVEDTIME"
    ],
    "habit": [
        "植物习性",
        "习性",
        "生活型",
        "HABIT"
    ],
    "孢子体": [
        "孢朔",
        "孢子"
    ],
    "associatedMedia": [
        "图片地址",
        "照片编号",
        "IMAGE_URL",
        "IMAGEURL",
        "MEDIAURL",
        "ASSOCIATEDMEDIA"
    ],
    "country": [
        "国家",
        "国别",
        "采集国家",
        "采集国",
        "COUNTRY",
        "COUNTRY_LABEL"
    ],
    "recordNumber": [
        "采集号",
        "群体编号",
        "采集编号",
        "记录编号",
        "采集号_y",
        "COLLECTNUM",
        "COLLECTOR_NUMBER",
        "COLLECTNUMBER",
        "RECORDNUMBER"
    ],
    "菌肉": [],
    "disposition": [
        "库存状态",
        "保藏状态",
        "保藏状况",
        "库存",
        "DISPOSITION"
    ],
    "minimumElevationInMeters": [
        "海拔（米）",
        "海拔(米)",
        "海拔低",
        "海拔低值",
        "海拔（m）",
        "海拔(m)",
        "海拔（低）",
        "负海拔",
        "海拔",
        "ALT",
        "ELEVATION",
        "MINALTITUDE",
        "MINIMUMELEVATIONINMETERS"
    ],
    "province": [
        "省",
        "省/自治区",
        "自治区/省",
        "省自治区",
        "PROVINCE",
        "STATE_PROVINCE",
        "STATEPROVINCE_LABEL",
        "产地1",
        "STATEPROVINCE"
    ],
    "maximumElevationInMeters": [
        "海拔高",
        "海拔高值",
        "海拔（高）",
        "海拔(高)",
        "MAXALTITUDE",
        "MAXIMUMELEVATIONINMETERS"
    ],
    "collectionCode": [
        "馆代码",
        "标本馆代码",
        "标本馆",
        "馆藏代码",
        "国际标本馆代码",
        "COLLECTIONCODE",
        "HERBARIUM"
    ],
    "institutionCode": [
        "收藏单位",
        "机构名称",
        "MUSEUMID",
        "INSTITUTIONCODE"
    ],
    "host": [
        "寄主",
        "HOST"
    ],
    "dateIdentified": [
        "鉴定日期",
        "鉴定时间",
        "DATE",
        "IDENTDAY",
        "DATE_IDENTIFIED",
        "IDENTIFIEDDATE",
        "DATEIDENTIFIED"
    ],
    "frequency": [
        "多度",
        "频度",
        "频率",
        "FREQUENCY"
    ],
    "occurrenceRemarks": [
        "采集备注",
        "其他描述",
        "REMARKS",
        "图片",
        "NOTES",
        "备注",
        "OCCURRENCEREMARKS",
        "ATTRIBUTES"
    ],
    "habitat": [
        "生活环境",
        "生境",
        "生态环境",
        "栖息地",
        "环境",
        "基质",
        "生存环境",
        "ENVIRONMENT",
        "HABITAT"
    ],
    "配子体": [],
    "孢子囊（群）": [
        "孢子囊群",
        "孢子囊"
    ],
    "typeStatus": [
        "模式等级",
        "模式类型",
        "标本属性",
        "鉴定模式",
        "TYPE_STATUS",
        "TYPESTATUS"
    ],
    "rhizoids": [
        "不定根",
        "RHIZOIDS"
    ],
    "root": [
        "根",
        "ROOT",
        "根部",
        "根（菌根）",
        "根系"
    ],
    "fruit": [
        "果实",
        "果",
        "果（种子）",
        "FRUIT"
    ],
    "modified": [
        "录入日期",
        "MODIFIED",
        "DATE_LASTMODIFIED"
    ],
    "classification": [
        "大类群",
        "馆藏类别",
        "收藏类别",
        "标本类别",
        "大类别",
        "类群",
        "科号",
        "CLASSIFICATION"
    ],
    "eventDate": [
        "采集时间",
        "采集日期",
        "COLLECTDAY",
        "TIME",
        "DATE_COLLECTED",
        "COLLECTDATE_LABEL",
        "EVENTDATE",
        "RECORDTIME"
    ],
    "lifeStage": [
        "生长期",
        "物候期",
        "物候",
        "生命期",
        "生命周期",
        "标本状态",
        "花果状态",
        "花期果期",
        "Status",
        "幼体",
        "LIFESTAGE",
        "REPORDUCTIVECONDITON"
    ],
    "seed": [
        "种质",
        "种子",
        "SEED"
    ],
    "city": [
        "市",
        "州/市",
        "市/州",
        "州市",
        "市州",
        "地级市/地区/自治州",
        "地级市",
        "地区",
        "自治州",
        "CITY"
    ],
    "leaf": [
        "叶片",
        "叶柄",
        "叶（托叶）",
        "LEAF",
        "叶"
    ],
    "fundedBy": [
        "项目资助",
        "项目来源",
        "项目",
        "标本来源",
        "FUNDEDBY",
        "PROJECT"
    ],
    "气味": [
        "味道"
    ],
    "seedMaterialSample": [
        "种质材料",
        "种子材料",
        "种质资源",
        "SEEDMATERIALSAMPLE"
        ],
    "livingMaterialSample": [
        "活体材料",
        "植株",
        "LIVINGMATERIALSAMPLE"
        ],
    "molecularMaterialSample": [
        "分子材料",
        "DNA是否采集",
        "MOLECULARMATERIALSAMPLE"
    ],
    "county": [
        "区县",
        "县区",
        "区/县",
        "县/区",
        "县",
        "区",
        "COUNTY",
        "COUNTY_LABEL",
        "产地2",
        "MUNICIPALITY"
    ],
    "height": [
        "植株高度",
        "植株高度(m)",
        "植株高cm",
        "HEIGHT",
        "高度",
        "体高"
    ],
    "organismRemarks": [
        "标本备注",
        "形态描述",
        "鉴定者联系方式",
        "备注2",
        "ORGANISMREMARKS"
    ],
    "DBH": [
        "胸径(cm)",
        "胸径",
        "DBH"
    ],
    "catalogNumber": [
        "条形码",
        "条码编号",
        "唯一编号",
        "资源编号",
        "条码",
        "条码号",
        "BARCODE",
        "CATALOGNUMBER",
        "标本号"
    ],
    "孢子叶（球）": [
        "孢子叶球",
        "大孢子叶球",
        "小孢子叶球"
    ],
    "flower": [
        "花",
        "花朵",
        "花部",
        "FLOWER",
        "花（孢子）"
    ],
    "scientificNameAuthorship": [
        "学名命名人",
        "命名人",
        "定名人",
        "种下命名人",
        "变种命名人",
        "种下加词命名人",
        "种下等级定名人",
        "AUTHOR",
        "AUTHORITY",
        "SPECIFICAUTHORSHIP",
        "SPECIFICEPITHETAUTHORSHIP",
        "INFRASPECIFICAUTHORITY",
        "INFRASPECIFICAUTHORSHIP",
        "SCIENTIFICNAMEAUTHORSHIP",
        "AUTHOR_OF_INFRASPECIFIC_RANK"
    ],
    "individualCount": [
        "标本份数",
        "凭证标本份数",
        "副份数量",
        "个体数量",
        "标本数量",
        "份数",
        "INDIVIDUALCOUNT"
    ],
    "菌盖": [],
    "子实体": [],
    "菌柄": [],
    "otherCatalogNumbers": [
        "流水号",
        "SN",
        "台纸号",
        "种质库序列号",
        "KUN-L",
        "序列号",
        "SERIALNUMBER",
        "玻片号",
        "OTHERCATALOGNUMBERS"
    ],
    "preservedLocation": [
        "馆藏位置",
        "保藏位置",
        "存放位置",
        "PRESERVEDLOCATION"
    ],
    "relationshipEstablishedTime": [
        "录入时间",
        "RELATIONSHIPESTABLISHEDTIME"
    ],
    "scientificName": [
        "学名",
        "鉴定名称",
        "鉴定",
        "鉴定名",
        "鉴定拉丁名",
        "拉丁学名",
        "种拉丁名",
        "种",
        "种名",
        "NAMELA",
        "拉丁名",
        "IDENTIFICATIONS",
        "SCIENTIFICNAME",
        "SCINAME"
    ],
    "recordedBy": [
        "采集人",
        "记录人",
        "采集人员",
        "记录人员",
        "采集者",
        "记录者",
        "采集人1",
        "采集者_y",
        "COLLECTOR",
        "RECORDEDBY"
    ],
    "identifiedBy": [
        "鉴定者",
        "鉴定人",
        "IDENTMAN",
        "IDENTIFIEDBY",
        "IDENTIFIED_BY"
    ],
    "identificationRemarks": [
        "鉴定备注",
        "鉴定者单位",
        "鉴定信息备注",
        "IDENTIFICATIONREMARKS"
    ],
    "decimalLatitude": [
        "纬度",
        "LAT",
        "LATITUDE",
        "DECIMALlATITUDE"
    ],
    "associatedSequences": [
        "分子序列",
        "ASSOCIATEDSEQUENCES"
    ],
    "locality": [
        "小地点",
        "具体地点",
        "小地名",
        "小地方",
        "乡镇/山",
        "地名",
        "采集地点",
        "PLACE",
        "地点",
        "LOCALITY",
        "乡镇\\山",
        "产地3"
    ],
    "dialectName": [
        "LOCAL_NAME",
        "当地名称",
        "地方名",
        "当地名",
        "DIALECTNAME"
    ],
    "vernacularGenusName": [
        "中文属名",
        "属中文名",
        "属名",
        "GENUSNAMEZH",
        "GENUS_C",
        "VERNACULARGENUSNAME"
    ],
    "vernaculaFamilyName": [
        "中文科名",
        "科中文名",
        "科名",
        "FAMILYNAMEZH",
        "FAMILY_C",
        "VERNACULAFAMILYNAME"
    ],
    "子实层": [],
    "stem": [
        "树干",
        "树皮",
        "茎（树皮）",
        "SKIN",
        "STEM",
        "STEMBARK",
        "茎"
    ],
    "taxonRank": [
        "种下等级",
        "INFRASPECIFICRANK",
        "TAXONRANK",
        "INFRASPECIFIC_RANK"
    ],
    "kingdom": [
        "界",
        "KINGDOM"
    ],
    "phylum": [
        "门",
        "PHYLUM"
    ],
    "class": [
        "纲",
        "CLASS"
    ],
    "order": [
        "目",
        "ORDER"
    ],
    "family": [
        "科",
        "科名",
        "科拉丁名",
        "拉丁科名",
        "FAMILY",
        "fAMILYNAME"
    ],
    "subfamily": [
        "亚科名",
        "亚科",
        "SUBFAMILY"
    ],
    "genus": [
        "属",
        "属名",
        "拉丁属名",
        "GENUS",
        "GENUSNAME"
    ],
    "subgenus": [
        "亚属名",
        "亚属",
        "SUBGENUS"
    ],
    "specificEpithet": [
        "种加词",
        "种名",
        "种",
        "SPECIES",
        "SPECIFICEPITHET"
    ],
    "specificAuthorship": [
        "命名人",
        "定名人",
        "种命名人",
        "种加词命名人",
        "AUTHOR",
        "AUTHORITY",
        "SPECIFICAUTHORSHIP",
        "SPECIFICEPITHETAUTHORSHIP",
        "AUTHOR_OF_SPECIES"
    ],
    "infraspecificEpithet": [
        "种下加词",
        "种下等级",
        "亚种名",
        "INFRASPECIFICEPITHET",
        "INFRASPECIFIC_EPITHET"
    ],
    "acceptedNameUsage": [
        "拉丁接受名",
        "接受名",
        "ACCEPTEDNAMEUSAGE"
    ],
    "language": [
        "语言",
        "LANGUAGE"
    ],
    "accessRight": [
        "访问权限",
        "接入限制",
        "ACCESSRIGHT"
    ],
    "bibliographicCitation": [
        "书目引用",
        "BIBLIOGRAPHICCITATION"
    ],
    "references": [
        "出处",
        "参考文献",
        "REFERENCE",
        "SOURCE",
        "REFERENCES"
    ]
}
