{"catalogNumber": "catalogNumber", "otherCatalogNumbers": "otherCatalogNumbers", "duplicatesOfLabel": "duplicatesOfLabel", "labelTitle": "labelTitle", "labelNote": "labelNote", "labelSubtitle": "labelSubtitle", "creator": "creator", "dateCreated": "dateCreated", "recordedBy": "recordedBy", "recordNumber": "recordNumber", "eventDate": "eventDate", "decimalLatitude": "decimalLatitude", "decimalLongitude": "decimalLongitude", "minimumElevationInMeters": "minimumElevationInMeters", "maximumElevationInMeters": "maximumElevationInMeters", "country": "country", "province": "province", "prefecture": "prefecture", "county": "county", "locality": "locality", "habitat": "habitat", "substrate": "substrate", "individualCount": "individualCount", "lifeForm": "lifeForm", "familyChineseName": "familyChineseName", "family": "family", "chineseName": "chineseName", "genus": "genus", "specificEpithet": "specificEpithet", "taxonRank": "taxonRank", "infraspecificEpithet": "infraspecificEpithet", "scientificNameAuthorship": "scientificNameAuthorship", "identifiedBy": "identifiedBy", "dateIdentified": "dateIdentified", "reproductiveOrgans": "reproductiveOrgans", "leaf": "leaf", "stem": "stem", "fruit": "fruit", "propagulum": "propagulum", "root": "root", "adventitiousRoot": "adventitiousRoot", "rhizoids": "rhizoids", "host": "host", "abundance": "abundance", "DBH": "DBH", "height": "height", "verbatimIdentification": "verbatimIdentification", "vernacularName": "vernacularName", "molecularMaterialSample": "molecularMaterialSample", "seedMaterialSample": "seedMaterialSample", "livingMaterialSample": "livingMaterialSample", "protectedStatusOfChina": "protectedStatusOfChina", "occurrenceRemarks": "occurrenceRemarks"}