{
    "taxonDistribution":[
        "分布区域",
        "TAXONDISTRIBUTION"
    ],
    "cultivarEpithet":
    [
        "栽培品种",
        "CULTIVAREPITHET"
    ],
    "iucnStatus": [
        "IUCN保护等级",
        "IUCN保护级别",
        "IUCN保护状态",
        "IUCN保护状况",
        "IUCN保护",
        "IUCN",
        "IUCNSTATUS"
    ],
    "pinYinOfVernacularNames":
    [
        "中文别名拼音",
        "PINYINOFVERNACULARNAMES"
    ],
    "pinYin":[
        "拼音",
        "中文拼音",
        "SPECIES_C_PY",
        "PINYIN"
    ],
    "batchNumber": [
        "批号",
        "入库批次",
        "入库批号",
        "BATCHNUMBER"
    ],
    "creator": [
        "创作者",
        "创造者",
        "发明者",
        "创作人",
        "创造人",
        "发明人",
        "绘制人",
        "CREATOR"
    ],
    "dateCreated": [
        "创作日期",
        "创建日期",
        "绘制时间",
        "绘制日期",
        "DATECREATED"
    ],
    "protectedStatusOfChina":[
        "保护级别",
        "保护等级",
        "国保等级",
        "重点保护等级",
        "国家保护等级",
        "国家重点保护等级",
        "国家重点保护",
        "国家重点",
        "国重",
        "国家重点植物保护等级",
        "PROTECTEDSTATUSOFCHINA"
    ],
    "isShared": [
        "是否已经共享",
        "是否已共享",
        "已提交NSII",
        "ISSHARED"
    ],
    "acceptedNameUsage": [
        "接受名",
        "拉丁接受名",
        "ACCEPTEDNAMEUSAGE"
    ],
    "acceptedNameUsageID": [
        "接受名ID",
        "ACCEPTED_NAME_CODE",
        "ACCEPTEDNAMEUSAGEID"
    ],
    "accessRights": [
        "访问权限",
        "接入限制",
        "访问权限声明",
        "ACCESSRIGHT",
        "ACCESSRIGHTS"
    ],
    "associatedMedia": [
        "相关多媒体",
        "图片地址",
        "照片编号",
        "IMAGE_URL",
        "IMAGEURL",
        "MEDIAURL",
        "ASSOCIATEDMEDIA"
    ],
    "associatedOccurrences": [
        "相关发现记录",
        "相关发现记录ID",
        "ASSOCIATEDOCCURRENCES"
    ],
    "associatedOrganisms": [
        "相关生物材料",
        "相关生物组织",
        "相关的生物材料",
        "ASSOCIATEDORGANISMS"
    ],
    "associatedReferences": [
        "相关参考",
        "相关文献",
        "ASSOCIATEDREFERENCES"
    ],
    "associatedSequences": [
        "相关序列数据",
        "相关序列",
        "分子序列",
        "ASSOCIATEDSEQUENCES"
    ],
    "associatedTaxa": [
        "相关分类群",
        "相关物种",
        "ASSOCIATEDTAXA"
    ],
    "basisOfRecord": [
        "记录依据",
        "数据依据",
        "记录实体类型",
        "BASISOFRECORD"
    ],
    "bed": [
        "岩石地层层名称",
        "BED"
    ],
    "behavior": [
        "行为",
        "BEHAVIOR"
    ],
    "bibliographicCitation": [
        "文献引用",
        "书目引用",
        "BIBLIOGRAPHICCITATION"
    ],
    "billColor": [
        "嘴色",
        "BILLCOLOR"
    ],
    "bodyLengthInMillimeters": [
        "体长",
        "体长（CM）",
        "体长(CM)",
        "全长",
        "BODYLENGTHINMILLIMETERS"
    ],
    "catalogNumber": [
        "条形码",
        "条码编号",
        "唯一编号",
        "资源编号",
        "条码",
        "条码号",
        "标本号",
        "总登记号",
        "总登记号1",
        "BARCODE",
        "CATALOGNUMBER"
    ],
    "category": [
        "馆藏类群",
        "大类群",
        "馆藏类别",
        "收藏类别",
        "标本类别",
        "大类别",
        "类群",
        "科号",
        "CLASSIFICATION",
        "CATEGORY"
    ],
    "type": [
        "资源类型",
        "记录媒体类型",
        "TYPE"
    ],
    "collectionCode": [
        "馆代码",
        "标本馆代码",
        "标本馆",
        "馆藏代码",
        "采集代码",
        "国际标本馆代码",
        "HERBARIUM",
        "COLLECTIONCODE"
    ],
    "collectionID": [
        "集合ID",
        "COLLECTIONID"
    ],
    "constructionOfNest": [
        "鸟巢构造",
        "CONSTRUCTIONOFNEST"
    ],
    "continent": [
        "洲名",
        "大陆",
        "CONTINENT"
    ],
    "coordinatePrecision": [
        "坐标精度数值",
        "COORDINATEPRECISION"
    ],
    "coordinateUncertaintyInMeters": [
        "坐标误差范围（米）",
        "COORDINATEUNCERTAINTYINMETERS"
    ],
    "country": [
        "国家",
        "国别",
        "国名",
        "采集国家",
        "采集国",
        "采集地国",
        "COUNTRY_LABEL",
        "COUNTRY"
    ],
    "countryCode": [
        "国家代码",
        "COUNTRYCODE"
    ],
    "prefecture": [
        "地级行政区",
        "地级行政区划",
        "市级行政区",
        "市级行政区划",
        "二级行政区",
        "二级行政区划",
        "市",
        "州/市",
        "市/州",
        "州市",
        "市州",
        "地级市/地区/自治州",
        "地级市",
        "地区",
        "自治州",
        "市名",
        "采集地市",
        "CITY",
        "PREFECTURE"
    ],
    "county": [
        "县级行政区",
        "县级行政区划",
        "三级行政区",
        "三级行政区划",
        "采集地县",
        "区县",
        "县区",
        "区/县",
        "县/区",
        "县",
        "区",
        "县名",
        "COUNTY_LABEL",
        "产地2",
        "区市",
        "COUNTY"
    ],
    "township": [
        "乡级行政区",
        "乡级行政区划",
        "四级行政区",
        "四级行政区划",
        "乡镇",
        "乡/镇",
        "镇/乡",
        "乡",
        "镇",
        "MUNICIPALITY"
    ],
    "DBH": [
        "胸径(cm)",
        "胸径",
        "DBH"
    ],
    "dataApi": [
        "数据接口",
        "DATAAPI"
    ],
    "dataFrom": [
        "数据来源"
    ],
    "dataGeneralizations": [
        "数据模糊处理",
        "DATAGENERALIZATIONS"
    ],
    "datasetID": [
        "数据集ID",
        "数据库ID",
        "DATASETID"
    ],
    "datasetName": [
        "数据集",
        "数据集名称",
        "DATASETNAME"
    ],
    "dateIdentified": [
        "鉴定日期",
        "鉴定时间",
        "DATE",
        "IDENTDAY",
        "DATE_IDENTIFIED",
        "IDENTIFIEDDATE",
        "DATEIDENTIFIED"
    ],
    "day": [
        "日",
        "DAY"
    ],
    "decimalLatitude": [
        "纬度",
        "LAT",
        "LATITUDE",
        "十进制的纬度值",
        "十进制纬度",
        "纬度十进制",
        "DECIMALlATITUDE"
    ],
    "decimalLongitude": [
        "经度",
        "LON",
        "LONGITUDE",
        "十进制的经度值",
        "十进制经度",
        "经度十进制",
        "DECIMALLONGITUDE"
    ],
    "disposition": [
        "库存状态",
        "保藏状态",
        "保藏状况",
        "库存",
        "DISPOSITION"
    ],
    "duplicatesOfLabel": [
        "标签复份",
        "标签数量",
        "DUPLICATESOFLABEL"
    ],
    "dynamicProperties": [
        "动态属性",
        "机动属性",
        "DYNAMICPROPERTIES"
    ],
    "earliestAgeOrLowestStage": [
        "最早的地质年代（阶或期）",
        "EARLIESTAGEORLOWESTSTAGE"
    ],
    "earliestEonOrLowestEonothem": [
        "最早的地质年代（宇或宙）",
        "EARLIESTEONORLOWESTEONOTHEM"
    ],
    "earliestEpochOrLowestSeries": [
        "最早的地质年代（统或世）",
        "EARLIESTEPOCHORLOWESTSERIES"
    ],
    "earliestEraOrLowestErathem": [
        "最早的地质年代（界或代）",
        "EARLIESTERAORLOWESTERATHEM"
    ],
    "earliestPeriodOrLowestSystem": [
        "最早的地质年代（系或纪）",
        "EARLIESTPERIODORLOWESTSYSTEM"
    ],
    "elevationUnit": [
        "海拔单位",
        "ELEVATIONUNIT"
    ],
    "establishmentMeans": [
        "定居途径",
        "坐落方式",
        "建群方式",
        "ESTABLISHMENTMEANS"
    ],
    "eventDate": [
        "事件日期",
        "采集时间",
        "采集日期",
        "COLLECTDAY",
        "TIME",
        "DATE_COLLECTED",
        "COLLECTDATE_LABEL",
        "EVENTDATE",
        "RECORDTIME"
    ],
    "eventID": [
        "事件ID",
        "EVENTID"
    ],
    "eventRemarks": [
        "事件备注",
        "EVENTREMARKS"
    ],
    "eventTime": [
        "事件时间",
        "EVENTTIME"
    ],
    "exposedCulmenInMillimeters": [
        "嘴峰",
        "EXPOSEDCULMENINMILLIMETERS"
    ],
    "fat": [
        "脂肪",
        "FAT"
    ],
    "fieldNotes": [
        "野外记录",
        "考察记录",
        "FIELDNOTE"
    ],
    "fieldNumber": [
        "野外编号",
        "鸟网号",
        "陷阱号",
        "FIELDNUMBER"
    ],
    "reproductiveOrgans": [
        "生殖器官",
        "花",
        "花朵",
        "花部",
        "花（孢子）",
        "FLOWER",
        "FLOWERS",
        "REPRODUCTIVEORGANS"
    ],
    "footprintSRS": [
        "地理形状WKT的空间参考系",
        "FOOTPRINTSRS"
    ],
    "footprintSpatialFit": [
        "地理形状的空间匹配度",
        "FOOTPRINTSPATIALFIT"
    ],
    "footprintWKT": [
        "地理形状WKT",
        "FOOTPRINTWKT"
    ],
    "formation": [
        "岩石地层组名称",
        "FORMATION"
    ],
    "abundance": [
        "多度",
        "ABUNDANCE"
    ],
    "frequency": [
        "频度",
        "频率",
        "FREQUENCY"
    ],
    "fruit": [
        "果实",
        "果",
        "果（种子）",
        "FRUIT"
    ],
    "fundedBy": [
        "项目资助",
        "项目来源",
        "项目",
        "标本来源",
        "PROJECT",
        "FUNDEDBY"
    ],
    "geodeticDatum": [
        "坐标大地基准",
        "坐标系",
        "坐标基准",
        "GEODETICDATUM"
    ],
    "geologicalContextID": [
        "地质环境信息ID",
        "GEOLOGICALCONTEXTID"
    ],
    "georeferenceProtocol": [
        "地标化参考依据",
        "地标化的参考依据",
        "地理位置获取方式",
        "地理位置确定方式",
        "GEOREFERENCEPROTOCOL"
    ],
    "georeferenceRemarks": [
        "地标化注释",
        "GEOREFERENCEREMARKS"
    ],
    "georeferenceSources": [
        "地标化数据源",
        "地标化的数据源",
        "地理参考",
        "地理参考源",
        "GEOREFERENCE_SOURCES",
        "GEOREFERENCESOURCES"
    ],
    "georeferenceVerificationStatus": [
        "地标化审核状态",
        "GEOREFERENCEVERIFICATIONSTATUS"
    ],
    "georeferencedBy": [
        "地标化处理者",
        "GEOREFERENCEDBY"
    ],
    "georeferencedDate": [
        "地标化日期",
        "地标化的日期",
        "GEOREFERENCEDDATE"
    ],
    "group": [
        "岩石地层群名称",
        "GROUP"
    ],
    "lifeForm": [
        "植物习性",
        "习性",
        "生活型",
        "HABIT",
        "LIFEFORM"
    ],
    "substrate": [
        "基质",
        "SUBSTRATE"
    ],
    "habitat": [
        "生活环境",
        "栖息环境",
        "生境",
        "生态环境",
        "栖息地",
        "环境",
        "生存环境",
        "产地环境",
        "ENVIRONMENT",
        "HABITAT"
    ],
    "height": [
        "植株高度",
        "植株高度(m)",
        "植株高cm",
        "高度",
        "体高",
        "HEIGHT"
    ],
    "heightInMeters": [
        "HEIGHTINMETERS"
    ],
    "heightOfNest": [
        "巢高",
        "离地高度",
        "HEIGHTOFNEST"
    ],
    "higherClassification": [
        "学名以上分类信息",
        "HIGHERCLASSIFICATION"
    ],
    "higherGeography": [
        "行政区划",
        "行政区",
        "地理位置",
        "REGION_NAME",
        "HIGHERGEOGRAPHY"
    ],
    "higherGeographyID": [
        "行政区划代码",
        "行政区编码",
        "地理位置编码",
        "HIGHERGEOGRAPHYID"
    ],
    "highestBiostratigraphicZone": [
        "最晚的生物地层名称",
        "HIGHESTBIOSTRATIGRAPHICZONE"
    ],
    "host": [
        "寄主",
        "HOST"
    ],
    "identificationID": [
        "鉴定记录ID",
        "IDENTIFICATIONID"
    ],
    "verbatimIdentification": [
        "原始鉴定",
        "鉴定名称",
        "鉴定",
        "鉴定名",
        "临时鉴定",
        "野外鉴定",
        "TEMPORARYIDENTIFICATION",
        "VERBATIMIDENTIFICATION"
    ],
    "identificationQualifier": [
        "鉴定质疑",
        "IDENTIFICATIONQUALIFIER"
    ],
    "identificationReferences": [
        "鉴定参考文献",
        "IDENTIFICATIONREFERENCES"
    ],
    "identificationRemarks": [
        "鉴定备注",
        "鉴定者单位",
        "鉴定信息备注",
        "鉴定备注信息",
        "IDENTIFICATIONREMARKS"
    ],
    "identificationVerificationStatus": [
        "鉴定的审核状态",
        "IDENTIFICATIONVERIFICATIONSTATUS"
    ],
    "identifiedBy": [
        "鉴定者",
        "鉴定人",
        "IDENTMAN",
        "IDENTIFIED_BY",
        "IDENTIFIEDBY"
    ],
    "identifiedByID": [
        "鉴定者ID",
        "IDENTIFIEDbYID"
    ],
    "incubation": [
        "孵化",
        "孵卵",
        "INCUBATION"
    ],
    "individualCountType": [
        "计数单位",
        "计量单位",
        "单位"
    ],
    "individualCount": [
        "标本份数",
        "凭证标本份数",
        "副份数量",
        "个体数量",
        "标本数量",
        "份数",
        "数量", 
        "INDIVIDUALCOUNT"
   ],
    "informationWithheld": [
        "保留信息",
        "INFORMATIONWITHHELD"
    ],
    "infraspecificEpithet": [
        "种下加词",
        "种下等级",
        "种下名称",
        "亚种名",
        "INFRASPECIES",
        "INFRASPECIFIC_EPITHET",
        "INFRASPECIFICEPITHET"
    ],
    "institutionCode": [
        "机构编号",
        "收藏单位",
        "机构名称",
        "MUSEUMID",
        "INSTITUTIONCODE"
    ],
    "institutionID": [
        "机构ID",
        "INSTITUTIONID"
    ],
    "irisColor": [
        "虹膜",
        "虹膜颜色",
        "IRISCOLOR"
    ],
    "island": [
        "岛名",
        "ISLAND"
    ],
    "islandGroup": [
        "群岛名称",
        "ISLANDGROUP"
    ],
    "labelNote": [
        "标签备注",
        "LABELNOTE"
    ],
    "labelSubtitle": [
        "标签副标题",
        "标签小标题",
        "LABELSUBTITLE"
    ],
    "labelTitle": [
        "标签标题",
        "TITLE",
        "LABELTITLE"
    ],
    "language": [
        "语言",
        "LANGUAGE"
    ],
    "latestAgeOrHighestStage": [
        "最晚的地质年代（阶或期）",
        "LATESTAGEORHIGHESTSTAGE"
    ],
    "latestEonOrHighestEonothem": [
        "最晚的地质年代（宇或宙）",
        "LATESTEONORHIGHESTEONOTHEM"
    ],
    "latestEpochOrHighestSeries": [
        "最晚的地质年代（统或世）",
        "LATESTEPOCHORHIGHESTSERIES"
    ],
    "latestEraOrHighestErathem": [
        "最晚的地质年代（界或代）",
        "LATESTERAORHIGHESTERATHEM"
    ],
    "latestPeriodOrHighestSystem": [
        "最晚的地质年代（系或纪）",
        "LATESTPERIODORHIGHESTSYSTEM"
    ],
    "leaf": [
        "叶片",
        "叶柄",
        "叶（托叶）",
        "叶",
        "LEAVES",
        "LEAF"
    ],
    "legsColor": [
        "脚色",
        "腿色",
        "LEGSCOLOR"
    ],
    "license": [
        "许可协议",
        "授权",
        "授权协议",
        "LICENCE",
        "LICENSE"
    ],
    "lifeStage": [
        "生命阶段",
        "生长期",
        "物候期",
        "物候",
        "生命期",
        "生命周期",
        "幼体",
        "Status",
        "LIFESTAGE"
    ],
    "lithostratigraphicTerms": [
        "岩层名称",
        "LITHOSTRATIGRAPHICTERMS"
    ],
    "livingMaterialSample": [
        "活体材料",
        "植株",
        "LIVINGMATERIALSAMPLE"
    ],
    "locality": [
        "小地点",
        "具体地点",
        "小地名",
        "小地方",
        "乡镇/山",
        "地名",
        "采集地点",
        "PLACE",
        "地点",
        "乡镇\\山",
        "产地3",
        "详细地址",
        "LOCALITY"
    ],
    "locationAccordingTo": [
        "地名出处",
        "LOCATIONACCORDINGTO"
    ],
    "locationID": [
        "位置ID",
        "LOCATIONID"
    ],
    "locationRemarks": [
        "地名备注",
        "LOCATIONREMARKS"
    ],
    "lowestBiostratigraphicZone": [
        "最早的生物地层名称",
        "LOWESTBIOSTRATIGRAPHICZONE"
    ],
    "materialSampleID": [
        "材料样品ID",
        "MATERIALSAMPLEID"
    ],
    "maximumDepthInMeters": [
        "深度最大值（米）",
        "水深高",
        "最大水深",
        "最大深度",
        "MAXIMUMDEPTHINMETERS"
    ],
    "maximumDistanceAboveSurfaceInMeters": [
        "参考面上最远距离（米）",
        "最大距离",
        "MAXIMUMDISTANCEABOVESURFACEINMETERS"
    ],
    "maximumElevationInMeters": [
        "最高海拔",
        "最高海拔（米）",
        "海拔最高（米）",
        "海拔高",
        "海拔高值",
        "海拔（高）",
        "海拔(高)",
        "MAXALTITUDE",
        "MAXIMUMELEVATIONINMETERS"
    ],
    "measurementAccuracy": [
        "测量数据的精度",
        "MEASUREMENTACCURACY"
    ],
    "measurementDeterminedBy": [
        "测量人",
        "MEASUREMENTDETERMINEDBY"
    ],
    "measurementDeterminedDate": [
        "测量日期",
        "MEASUREMENTDETERMINEDDATE"
    ],
    "measurementID": [
        "测量记录ID",
        "MEASUREMENTID"
    ],
    "measurementMethod": [
        "测量方法",
        "MEASUREMENTMETHOD"
    ],
    "measurementRemarks": [
        "测量备注",
        "MEASUREMENTREMARKS"
    ],
    "measurementType": [
        "测量类别",
        "MEASUREMENTTYPE"
    ],
    "measurementUnit": [
        "测量值的单位",
        "MEASUREMENTUNIT"
    ],
    "measurementValue": [
        "测量值",
        "MEASUREMENTVALUE"
    ],
    "member": [
        "岩石地层段名称",
        "MEMBER"
    ],
    "minimumDepthInMeters": [
        "深度最小值（米）",
        "最小深度",
        "水深低",
        "水深",
        "MINIMUMDEPTHINMETERS"
    ],
    "minimumDistanceAboveSurfaceInMeters": [
        "参考面上最近距离（米）",
        "最小距离",
        "MINIMUMDISTANCEABOVESURFACEINMETERS"
    ],
    "minimumElevationInMeters": [
        "最低海拔",
        "最低海拔（米）",
        "海拔最低（米）",
        "海拔（米）",
        "海拔(米)",
        "海拔低",
        "海拔低值",
        "海拔（m）",
        "海拔(m)",
        "海拔（低）",
        "负海拔",
        "海拔",
        "ALT",
        "ELEVATION",
        "MINALTITUDE",
        "MINIMUMELEVATIONINMETERS"
    ],
    "modified": [
        "更新时间",
        "录入日期",
        "SCRUTINY_DATE",
        "MODIFIED",
        "DATE_LASTMODIFIED"
    ],
    "molecularMaterialSample": [
        "分子材料",
        "DNA是否采集",
        "MOLECULARMATERIALSAMPLE"
    ],
    "month": [
        "月",
        "MONTH"
    ],
    "mountain": [
        "山脉",
        "MOUNTAIN"
    ],
    "nameAccordingTo": [
        "名称出处",
        "名称参考源",
        "名称参考文献",
        "学名参考文献",
        "名称来源",
        "学名来源",
        "NAMEACCORDINGTO"
    ],
    "nameAccordingToID": [
        "名称参考源ID",
        "命名依据的数据源ID",
        "NAMEACCORDINGTOID"
    ],
    "namePublishedIn": [
        "名称出版物",
        "名称出版刊物",
        "CITE1",
        "发表期刊",
        "出版物",
        "名称来源",
        "学名发布刊物",
        "NAMEPUBLISHEDIN"
    ],
    "namePublishedInID": [
        "名称出处ID",
        "学名出处ID",
        "发表学名的文献的ID",
        "NAMEPUBLISHEDINID"
    ],
    "namePublishedInYear": [
        "名称发表年份",
        "出版年份",
        "学名发布年份",
        "NAMEPUBLISHEDINYEAR"
    ],
    "nomenclaturalCode": [
        "命名法规代码",
        "NOMENCLATURALCODE"
    ],
    "nomenclaturalStatus": [
        "学名状态",
        "命名学状态",
        "学名的术语状态",
        "NOMENCLATURALSTATUS"
    ],
    "numOfEggsTaken": [
        "鸟卵数量",
        "NUMOFEGGSTAKEN"
    ],
    "occurrenceID": [
        "物种发现记录ID",
        "唯一标识符",
        "数据库标识",
        "OCCURRENCEID"
    ],
    "occurrenceRemarks": [
        "发现备注",
        "采集备注",
        "其他描述",
        "图片",
        "备注",
        "REMARKS",
        "NOTES",
        "ATTRIBUTES",
        "OCCURRENCEREMARKS"
    ],
    "occurrenceStatus": [
        "发现记录多寡",
        "OCCURRENCESTATUS"
    ],
    "organismID": [
        "生物材料ID",
        "ORGANISMID"
    ],
    "organismName": [
        "生物材料名称",
        "ORGANISMNAME"
    ],
    "organismQuantity": [
        "生物量",
        "ORGANISMQUANTITY"
    ],
    "organismQuantityType": [
        "生物量类型",
        "ORGANISMQUANTITYTYPE"
    ],
    "organismRemarks": [
        "生物材料备注",
        "材料备注",
        "标本备注",
        "形态描述",
        "鉴定者联系方式",
        "备注2",
        "ORGANISMREMARKS"
    ],
    "organismScope": [
        "生物材料类别",
        "ORGANISMSCOPE"
    ],
    "originalNameUsage": [
        "原名",
        "基名",
        "最初的学名",
        "ORIGINALNAMEUSAGE"
    ],
    "originalNameUsageID": [
        "基名ID",
        "原名ID",
        "学名最初发表的记录ID",
        "ORIGINALNAMEUSAGEID"
    ],
    "otherCatalogNumbers": [
        "其他编号",
        "流水号",
        "SN",
        "台纸号",
        "种质库序列号",
        "种质库编号",
        "KUN-L",
        "序列号",
        "玻片号",
        "分类号",
        "SERIALNUMBER",
        "OTHERCATALOGNUMBERS"
    ],
    "ownerInstitutionCode": [
        "拥有机构的代码",
        "OWNERINSTITUTIONCODE"
    ],
    "parentEventID": [
        "上级事件ID",
        "PARENTEVENTID"
    ],
    "parentNameUsage": [
        "父级分类阶元的学名",
        "PARENTNAMEUSAGE"
    ],
    "parentNameUsageID": [
        "父级分类阶元的学名ID",
        "PARENTNAMEUSAGEID"
    ],
    "pointRadiusSpatialFit": [
        "点半径的空间匹配度",
        "POINTRADIUSSPATIALFIT"
    ],
    "preparations": [
        "预处理方式",
        "预处理",
        "处理方式",
        "保存方式",
        "保藏方式",
        "PREPARATIONS"
    ],
    "preservedLocation": [
        "馆藏位置",
        "保藏位置",
        "存放位置",
        "保管位置",
        "PRESERVEDLOCATION"
    ],
    "preservedTime": [
        "入库时间",
        "馆藏时间",
        "入馆时间",
        "馆藏日期",
        "入库日期",
        "收藏时间",
        "收藏日期",
        "入库日期",
        "PRESERVEDTIME"
    ],
    "previousIdentifications": [
        "历史鉴定",
        "鉴定历史",
        "之前的鉴定信息",
        "PREVIOUSIDENTIFICATIONS"
    ],
    "province": [
        "省级行政区",
        "省级行政区划",
        "一级行政区",
        "一级行政区划",
        "省",
        "省/自治区",
        "自治区/省",
        "省自治区",
        "州省",
        "省名",
        "采集地省",
        "PROVINCE",
        "STATE_PROVINCE",
        "STATEPROVINCE_LABEL",
        "产地1",
        "STATEPROVINCE"
    ],
    "recordNumber": [
        "采集号",
        "群体编号",
        "采集编号",
        "采集人编号",
        "记录编号",
        "采集号_y",
        "COLLECTNUM",
        "COLLECTOR_NUMBER",
        "COLLECTNUMBER",
        "RECORDNUMBER"
    ],
    "recordedBy": [
        "采集人",
        "记录人",
        "采集人员",
        "记录人员",
        "采集者",
        "记录者",
        "采集人1",
        "采集者_y",
        "COLLECTOR",
        "RECORDEDBY"
    ],
    "references": [
        "参考",
        "出处",
        "参考文献",
        "参考资源",
        "REFERENCE",
        "SOURCE",
        "REFERENCES"
    ],
    "relatedResourceID": [
        "相关资源的ID",
        "RELATEDRESOURCEID"
    ],
    "relationshipAccordingTo": [
        "资源关系创建者",
        "RELATIONSHIPACCORDINGTO"
    ],
    "relationshipEstablishedDate": [
        "资源关系的创建时间",
        "RELATIONSHIPESTABLISHEDDATE"
    ],
    "relationshipEstablishedTime": [
        "录入时间",
        "RELATIONSHIPESTABLISHEDTIME"
    ],
    "relationshipOfResource": [
        "资源关系",
        "RELATIONSHIPOFRESOURCE"
    ],
    "relationshipRemarks": [
        "资源关系备注",
        "RELATIONSHIPREMARKS"
    ],
    "reproductiveCondition": [
        "繁殖阶段",
        "繁殖状况",
        "生殖阶段",
        "生殖状况",
        "标本状态",
        "花果状态",
        "花期果期",
        "REPRODUCTIVECONDITION"
    ],
    "resourceID": [
        "资源ID",
        "RESOURCEID"
    ],
    "resourceRelationshipID": [
        "资源关系ID",
        "RESOURCERELATIONSHIPID"
    ],
    "adventitiousRoot": [
        "不定根",
        "ADVENTITIOUSROOT"
    ],
    "rhizoids": [
        "假根",
        "RHIZOIDS"
    ],
    "rightsHolder": [
        "版权代理",
        "所有权代理",
        "所有权代理人",
        "版权所有人",
        "所有权",
        "版权所有",
        "版权",
        "所有者",
        "PROVIDER",
        "COPYRIGHT",
        "RIGHTS",
        "RIGHTSHOLDER"
    ],
    "root": [
        "根",
        "根部",
        "根（菌根）",
        "根系",
        "ROOT"
    ],
    "sampleSizeUnit": [
        "样品尺寸单位",
        "SAMPLESIZEUNIT"
    ],
    "sampleSizeValue": [
        "样品尺寸",
        "样品尺寸值",
        "样品尺寸数",
        "SAMPLESIZEVALUE"
    ],
    "samplingEffort": [
        "取样耗时",
        "SAMPLINGEFFORT"
    ],
    "samplingProtocol": [
        "采集方法",
        "捕获方法",
        "捕获方式",
        "采集方式",
        "获得方式",
        "获取方式",
        "获得方法",
        "获取方法",
        "SAMPLINGPROTOCOL"
    ],
    "verbatimScientificName": [
        "原始学名",
        "原始拉丁学名",
        "VERBATIMSCIENTIFICNAME"
    ],
    "scientificNameID":[
        "学名ID",
        "NAME_CODE",
        "SCIENTIFICNAMEID"
    ],
    "scientificName": [
        "学名",
        "鉴定名称",
        "鉴定",
        "鉴定名",
        "鉴定拉丁名",
        "拉丁学名",
        "种拉丁名",
        "拉丁种名",
        "种",
        "种名",
        "拉丁名",
        "NAMELA",
        "CANONICAL_NAME",
        "IDENTIFICATIONS",
        "SCINAME",
        "SCIENTIFICNAME"
    ],
    "scientificNameAuthorship": [
        "学名命名人",
        "命名人",
        "定名人",
        "种下命名人",
        "种下定名人",
        "变种命名人",
        "种下加词命名人",
        "种下等级定名人",
        "种下等级命名人",
        "学名作者",
        "AUTHOR",
        "AUTHORITY",
        "SPECIFICAUTHORSHIP",
        "SPECIFICEPITHETAUTHORSHIP",
        "INFRASPECIFICAUTHORITY",
        "INFRASPECIFICAUTHORSHIP",
        "AUTHOR_OF_INFRASPECIFIC_RANK",
        "SCIENTIFICNAMEAUTHORSHIP"
    ],
    "propagulum":[
        "繁殖体",
        "种质",
        "种子",
        "SEED",
        "SEEDS",
        "PROPAGULA",
        "PROPAGULUM"
    ],
    "seedMaterialSample": [
        "种质材料",
        "种子材料",
        "种质资源",
        "SEEDMATERIALSAMPLE"
    ],
    "sex": [
        "性别",
        "SEX"
    ],
    "specificAuthorship": [
        "命名人",
        "定名人",
        "种命名人",
        "种加词命名人",
        "AUTHOR",
        "AUTHORITY",
        "SPECIFICEPITHETAUTHORSHIP",
        "AUTHOR_OF_SPECIES",
        "SPECIFICAUTHORSHIP"
    ],
    "specificEpithet": [
        "种加词",
        "种名",
        "种",
        "SPECIES",
        "SPECIFICEPITHET"
    ],
    "startDayOfYear": [
        "开始日",
        "STARTDAYOFYEAR"
    ],
    "stem": [
        "树干",
        "树皮",
        "茎（树皮）",
        "SKIN",
        "STEMBARK",
        "茎",
        "STEM"
    ],
    "kingdom": [
        "界",
        "生物界",
        "KINGDOM"
    ],
    "phylum": [
        "门",
        "PHYLUM"
    ],
    "class": [
        "纲",
        "CLASS"
    ],
    "order": [
        "目",
        "ORDER"
    ],
    "family": [
        "科",
        "科名",
        "科拉丁名",
        "拉丁科名",
        "科学名",
        "fAMILYNAME",
        "FAMILY"
    ],
    "subfamily": [
        "亚科名",
        "亚科",
        "亚科拉丁名",
        "SUBFAMILY"
    ],
    "genus": [
        "属",
        "属名",
        "拉丁属名",
        "属拉丁名",
        "GENUSNAME",
        "GENUS"
    ],
    "subgenus": [
        "亚属名",
        "亚属",
        "SUBGENUS"
    ],
    "KingdomChineseName": [
        "界中文名",
        "中文界名",
        "VERNACULARKINGDOMNAME",
        "CHINESEKINGDOMNAME",
        "KINGDOMCHINESENAME"
    ],
    "phylumChineseName": [
        "门中文名",
        "中文门名",
        "PHYLUMCHINESENAME"
    ],
    "classChineseName": [
        "纲中文名",
        "中文纲名",
        "CLASSCHINESENAME"
    ],
    "orderChineseName": [
        "目中文名",
        "中文目名",
        "ORDERCHINESENAME"
    ],
    "familyChineseName": [
        "中文科名",
        "科中文名",
        "科名",
        "FAMILYNAMEZH",
        "FAMILY_C",
        "CHINESEFAMILYNAME",
        "VERNACULARFAMILYNAME",
        "FAMILYCHINESENAME"
    ],
    "genusChineseName": [
        "中文属名",
        "属中文名",
        "属名",
        "GENUSNAMEZH",
        "GENUS_C",
        "CHINESEGENUSNAME",
        "VERNACULARGENUSNAME",
        "GENUSCHINESENAME"
    ],
    "chineseName": [
        "中文名",
        "中文种名",
        "中名",
        "种中文名",
        "SPECIES_C",
        "CNNAME",
        "COMMONNAME",
        "CHINESENAME"
    ],
    "vernacularName": [
        "中文别名",
        "当地名称",
        "地方名",
        "当地名",
        "当地俗名",
        "俗名",
        "LOCAL_NAME",
        "DIALECTNAME",
        "DIALECTALNAME",
        "VERNACULARNAME"
    ],
    "substrateOfNest": [
        "巢基",
        "SUBSTRATEOFNEST"
    ],
    "tailLengthInMillimeters": [
        "尾长",
        "尾翼长",
        "TAILlENGTHINMILLIMETERS"
    ],
    "tarsusInMillimeters": [
        "跗蹠长",
        "TARSUSINMILLIMETERS"
    ],
    "taxonConceptID": [
        "分类概念的ID",
        "TAXONCONCEPTID"
    ],
    "taxonID": [
        "物种ID",
        "IDENTIFICATIONID",
        "鉴定ID",
        "TAXONID"
    ],
    "taxonRank": [
        "阶元",
        "种下等级",
        "INFRASPECIES_MARKER",
        "INFRASPECIFICRANK",
        "INFRASPECIFIC_RANK",
        "TAXONRANK"
    ],
    "taxonRemarks": [
        "对分类信息的附加备注",
        "分类备注",
        "TAXONREMARKS"
    ],
    "taxonomicStatus": [
        "分类学状态",
        "分类状态",
        "SP2000_STATUS",
        "TAXONOMICSTATUS"
    ],
    "thumbnails": [
        "缩略图",
        "THUMBNAILS"
    ],
    "typeStatus": [
        "模式等级",
        "模式状态",
        "模式类型",
        "标本属性",
        "鉴定模式",
        "TYPE_STATUS",
        "TYPESTATUS"
    ],
    "verbatimCoordinateSystem": [
        "坐标系统的原始记录",
        "VERBATIMCOORDINATESYSTEM"
    ],
    "verbatimCoordinates": [
        "原始坐标",
        "坐标的原始记录",
        "经纬度坐标",
        "经纬度",
        "经/纬度",
        "地理坐标",
        "GPS",
        "VERBATIMCOORDINATES"
    ],
    "verbatimDepth": [
        "深度原始记录",
        "VERBATIMDEPTH"
    ],
    "verbatimElevation": [
        "海拔原始记录",
        "原始海拔记录",
        "海拔区间",
        "海拔",
        "ALT",
        "ELEVATION",
        "VERBATIMELEVATION"
    ],
    "verbatimEventDate": [
        "日期原始记录",
        "VERBATIMEVENTDATE"
    ],
    "verbatimLatitude": [
        "纬度原始记录",
        "纬度的原始记录",
        "VERBATIMLATITUDE"
    ],
    "verbatimLocality": [
        "原签产地",
        "地址原始记录",
        "创作地点",
        "绘制地点",
        "VERBATIMLOCALITY"
    ],
    "verbatimLongitude": [
        "经度的原始记录",
        "VERBATIMLONGITUDE"
    ],
    "verbatimSRS": [
        "空间参考系",
        "VERBATIMSRS"
    ],
    "verbatimTaxonRank": [
        "分类阶元原始记载",
        "VERBATIMTAXONRANK"
    ],
    "waterBody": [
        "水体名称",
        "湖泊名称",
        "WATERBODY"
    ],
    "weightInGrams": [
        "体重（克）",
        "体重",
        "体重(克)",
        "体重（g）",
        "体重(g)",
        "重量",
        "WEIGHTINGRAMS"
    ],
    "weightInKiloGrams": [
        "体重",
        "体重（千克）",
        "体重(千克)",
        "体重(kG)",
        "重量",
        "WEIGHTINKILOGRAMS"
    ],
    "wingChordInMillimeters": [
        "翅长",
        "WINGCHORDINMILLIMETERS"
    ],
    "year": [
        "年",
        "YEAR"
    ],
    "子实体": [],
    "子实层": [],
    "孢子体": [
        "孢朔",
        "孢子"
    ],
    "孢子叶（球）": [
        "孢子叶球",
        "大孢子叶球",
        "小孢子叶球"
    ],
    "孢子囊（群）": [
        "孢子囊群",
        "孢子囊"
    ],
    "气味": [
        "味道"
    ],
    "菌柄": [],
    "菌盖": [],
    "菌肉": [],
    "配子体": []
}
