{
    "individualCountType": {
        "个": [],
        "盒": [],
        "件": [],
        "只": [],
        "条": [],
        "颗": [],
        "具": [],
        "包": [],
        "套": []
    },
    "type": {
        "Collection": [
            "典藏"
        ],
        "Dataset": [
            "数据集"
        ],
        "Event": [
            "事件"
        ],
        "Image": [
            "图像"
        ],
        "StillImage": [
            "静态图像",
            "画作",
            "绘画",
            "素描",
            "印刷品",
            "平面图",
            "设计图"
        ],
        "MovingImage": [
            "动态图像",
            "动画",
            "视频"
        ],
        "InteractiveResource": [
            "交互资源"
        ],
        "PhysicalObject": [
            "物理实体"
        ],
        "Service": [
            "服务"
        ],
        "Software": [
            "软件"
        ],
        "Text": [
            "文本"
        ]
    },
    "protectedStatusOfChina": {
        "一级": [
            "国Ⅰ",
            "Ⅰ"
        ],
        "二级": [
            "国Ⅱ",
            "Ⅱ"
        ],
        "一般": []
    },
    "geodeticDatum": {
        "WGS84": [
            "谷歌坐标系"
        ],
        "CGCS2000": [
            "大地2000坐标系"
        ],
        "BD09": [
            "百度坐标系"
        ],
        "GCJ-02": [
            "火星坐标系"
        ],
        "Beijing 1954": [
            "北京1954"
        ],
        "Xian 1980": [
            "西安1980"
        ],
        "EPSG:3857": [],
        "NAD27": [],
        "NAD83": [],
        "Campo Inchauspe": [],
        "European 1950": [],
        "Clarke 1866": [],
        "Unknown": [
            "未知",
            "不清"
        ]
    },
    "establishmentMeans": {
        "本地": [
            "native"
        ],
        "入侵": [
            "invasive"
        ],
        "归化": [
            "naturalised"
        ],
        "引种": [
            "introduced"
        ],
        "受控": [
            "managed"
        ]
    },
    "taxonomicStatus": {
        "misapplied": [
            "误用"
        ],
        "accepted": [
            "接受的"
        ],
        "homotypic synonym": [
            "同模异名"
        ],
        "heterotypic synonyms": [
            "异模异名"
        ],
        "synonym": [
            "异名"
        ]
    },
    "nomenclaturalStatus": {
        "invalid": [
            "不合格的",
            "不合格的名字",
            "不合格发表",
            "名称未合格发表"
        ],
        "illegitimate": [
            "不合法名称",
            "不合法的"
        ],
        "isonym": [
            "等名"
        ],
        "homonyms": [
            "同名"
        ],
        "autonym": [
            "自动名"
        ],
        "nomen nudum": [
            "裸名"
        ],
        "correct name": [
            "正确名称"
        ]
    },
    "fat": {
        "少": [
            "Little",
            "小"
        ],
        "中": [
            "Middle",
            "适中"
        ],
        "大": [
            "重",
            "Heavy"
        ],
        "无": [
            "None"
        ]
    },
    "samplingProtocol": {
        "网捕": [],
        "猎捕": [],
        "交换": [],
        "捐赠": []
    },
    "collectionCode": {
        "P": [],
        "K": [],
        "E": [],
        "MO": [],
        "B": [],
        "US": [],
        "PE": [
            "pe",
            "Pe",
            "pE"
        ],
        "KUN": [
            "Kun",
            "KUn",
            "KuN",
            "kUN",
            "kuN",
            "kun",
            "kUn",
            "kuN",
            "kun21",
            "KU7N",
            "0978425",
            "KUN00502"
        ],
        "IBSC": [
            "IBCS",
            "IBSC ",
            "ISBC ",
            "ISBC",
            " IBSC",
            "IBSC1",
            "IBC",
            "IBSC`",
            "SCIB",
            "IBSC."
        ],
        "WUK": [],
        "NAS": [],
        "IBK": [
            "IBk"
        ],
        "SZ": [],
        "XJBI": [
            "xjbi"
        ],
        "CDBI": [
            "CDBi"
        ],
        "HNWP": [],
        "IFP": [],
        "HIB": [],
        "HITBC": [],
        "N": [],
        "SM": [],
        "SYS": [],
        "LBG": [],
        "CSFI": [],
        "HIMC": [],
        "GXMI": [],
        "HHBG": [],
        "AU": [],
        "NEFI": [],
        "HX": [],
        "BNU": [],
        "CSH": [],
        "HENU": [],
        "GXMG": [],
        "HGAS": [],
        "JJF": [],
        "JIU": [],
        "CZH": [],
        "QFNU": [],
        "SXU": [],
        "SZG": [],
        "GZAC": [],
        "PEY": [],
        "HTC": [],
        "GZTM": [],
        "IMC": [],
        "NKU": [],
        "SXTCM": [],
        "XBGH": [],
        "BJFC": [],
        "ZM": [],
        "CCAU": [],
        "HUH": [],
        "IMDY": [],
        "KIZ": [
            "kIZ",
            "kiZ",
            "KiZ",
            "kIz",
            "kiz"
        ],
        "HON": [
            "HOn"
        ]
    },
    "disposition": {
        "在库": [
            "在馆",
            "借入",
            "赠入",
            "库存",
            "良好",
            "`"
        ],
        "出库": [
            "借出",
            "赠出",
            "不在馆"
        ],
        "遗失": [
            "missing"
        ]
    },
    "typeStatus": {
        "cotype": [
            "COTYPE",
            "Co-typus",
            "CO-typus",
            "Cotypus",
            "co-typus",
            "co-type",
            "Co-Typus",
            "cotypus"
        ],
        "epitype": [
            "11",
            "EPITYPE"
        ],
        "holotype": [
            "2",
            "主模式",
            "主模",
            "HOLOTYPE",
            "Holotype",
            "Holotypus",
            "holotypus",
            " Holotypus",
            "Hologypux",
            "Holytypus",
            "Holotupus",
            "Holotpus",
            "Holotyps",
            "Holtypus",
            "Holotpyus",
            "Isobolotys",
            "Holotvpe"
        ],
        "type": [
            "模式",
            "0",
            "TYPE",
            "Typus",
            "typus",
            "Type",
            "Typus]",
            "TYPUS",
            "Tytus",
            "Typua",
            "TYpus",
            "Typus'",
            "Tyups"
        ],
        "syntype": [
            "4",
            "SYNTYPE",
            "Syntype",
            "syntypus",
            "Syntypus",
            "Syntypue",
            "Suntypus"
        ],
        "isoneotype": [
            "10",
            "ISONEOTYPE"
        ],
        "isosyntype": [
            "5",
            "ISOSYNTYPE",
            "Isosyntype",
            "Iso-syntyp",
            "Isosyntypu",
            "Isosyntyp",
            "Isosyntyps"
        ],
        "not type": [
            "nottype",
            "1",
            "nottype",
            "nottype",
            "普通",
            "NOTATYPE",
            "nottypy",
            "nottyp",
            "noyytpe"
        ],
        "paralectotype": [
            "PARALECTOTYPE"
        ],
        "paratype": [
            "6",
            "PARATYPE",
            "Paratype",
            "Paratypus",
            "paratypus",
            "Partypus",
            "Paiatypus",
            "Parartypus",
            "Pratypus",
            "Paratysus",
            "Paraype"
        ],
        "isotype": [
            "3",
            "ISOTYPE",
            "Isotype",
            "Isotypus",
            " Isotypus",
            "isotypus",
            "Isotyps",
            "Isot ype",
            "IIsotypus",
            "Isotypt",
            "Isopypus",
            "Isotypu",
            "Isoptypus",
            "Isotlypus",
            "Isotypua",
            "Isotypsu",
            "Istypus",
            "Isotypue",
            "lsotype"
        ],
        "original material": [
            "ORIGINALMATERIAL"
        ],
        "isolectotype": [
            "ISOLECTOTYPE",
            "8",
            "Isolectoty"
        ],
        "lectotype": [
            "7",
            "LECTOTYPE",
            "Lectotype",
            "Lectolypus",
            "Lectotypus"
        ],
        "isosepitype": [],
        "neotype": [
            "topotype",
            "9",
            "NEOTYPE",
            "Neotypus",
            "neotypus"
        ],
        "allotype": [
            "配模",
            "ALLOTYPE"
        ]
    },
    "abundance": {
        "极多": [
            "5",
            "205",
            "非常多"
        ],
        "很多": [
            "4",
            "199"
        ],
        "多": [
            "3",
            "204",
            "较多"
        ],
        "尚多": [
            "2",
            "200",
            "常见"
        ],
        "少": [
            "1",
            "201",
            "少见"
        ],
        "稀少": [
            "偶见"
        ],
        "个别": [
            "0",
            "202",
            "罕见",
            "极少"
        ]
    },
    "frequency": {
        "极少": [
            "0",
            "202",
            "罕见",
            "个别"
        ],
        "少见": [
            "1",
            "201",
            "少",
            "偶见"
        ],
        "常见": [
            "2",
            "200",
            "尚多"
        ],
        "较多": [
            "3",
            "204",
            "尚多"
        ],
        "多": [
            "4",
            "199"
        ],
        "极多": [
            "5",
            "205"
        ]
    },
    "reproductiveCondition": {
        "无花无果": [
            "无果无花",
            "有花无果 ",
            "无 花无果",
            " 无花无果",
            "标本差",
            "无采集信息",
            "展叶期",
            "落叶期",
            "叶变色期",
            "0",
            "Vegetative"
        ],
        "有花有果": [
            "有果有花",
            "有花有果 ",
            "一份花一份果",
            "有花有过",
            "花果标本",
            "花果期",
            "3"
        ],
        "无花有果": [
            "有果无花",
            "五花有果",
            "无花有果 ",
            "果标本",
            "有果",
            "果标本 ",
            "果",
            " 果标本",
            "果标本1",
            "果期",
            "落果/种子散布期",
            "2",
            "Fruiting"
        ],
        "有花无果": [
            "无果有花",
            "花标本",
            " 花标本",
            "有花标本",
            "花标标本",
            "花果标",
            "花蕾期",
            "花期",
            "1",
            "Flowering",
            "月花无果",
            "有花 无果"
        ],
        "有孢子囊": [
            "有孢子囊",
            "孢子",
            "有孢子",
            "5",
            "有孢蒴 "
        ],
        "无孢子囊": [
            "无孢子囊",
            "4",
            "无孢蒴 "
        ]
    },
    "lifeStage": {
        "01": [
            "叶芽膨大始期"
        ],
        "03": [
            "叶芽膨大末期"
        ],
        "07": [
            "叶芽萌发始期"
        ],
        "08": [
            "叶芽萌发末期"
        ],
        "09": [
            "芽露出地面，刚观察到绿色叶尖"
        ],
        "10": [
            "地面上蕨叶卷曲"
        ],
        "11": [
            "第一片（对、轮）叶展开或最早的叶开始展开",
            "第一片蕨叶展开或最早的蕨叶开始展开"
        ],
        "15": [
            "第五片叶展开但未达最终大小",
            "第五片蕨叶展开但未达最终大小"
        ],
        "19": [
            "第九或更多的叶充分扩大并达到其最终大小",
            "第九或更多的蕨叶充分扩大并达到其最终大小"
        ],
        "11-19": [
            "观察和记录第1-9 片叶展开（观察到叶柄或叶基）的日期"
        ],
        "51": [
            "花（序）芽膨大"
        ],
        "53": [
            "花（序）芽萌芽"
        ],
        "60": [
            "始花期",
            "孢子囊群开始出现（Sori Emergence），绿色"
        ],
        "65": [
            "盛花期",
            "孢子囊群成熟（Sori Mature），颜色变深且干燥，释放孢子"
        ],
        "69": [
            "末花期",
            "孢子囊群萎缩脱落（Sori Fall）"
        ],
        "71": [
            "果实膨大期",
            "球果膨大期"
        ],
        "81": [
            "果实成熟期",
            "球果成熟期"
        ],
        "92": [
            "叶变色始期",
            "蕨叶开始枯萎"
        ],
        "93": [
            "落叶始期"
        ],
        "95": [
            "落叶盛期",
            "50%的蕨叶变黄"
        ],
        "97": [
            "落叶末期",
            "植株或地上部分死亡或休眠",
            "谷物收割期"
        ],
        "99": [
            "植株枯死"
        ],
        "幼": [
            "雏鸟",
            "Nestling",
            "幼鸟",
            "Juvenile",
            "Larva",
            "Tadpole"
        ],
        "亚成": [
            "Immature",
            "亚成鸟"
        ],
        "成": [
            "成鸟",
            "Adult"
        ],
        "不清": [
            "Unknow",
            "0",
            "Unknown"
        ]
    },
    "molecularMaterialSample": {
        "有": [
            "1",
            "DNA",
            "seq",
            "剩余",
            "是",
            "Y"
        ],
        "用完": [
            "0"
        ],
        "无": [
            "3",
            "没有",
            "   ",
            " "
        ],
        "遗失": [
            "2"
        ],
        "组织样本": [
            "Tissue",
            "组织"
        ],
        "寄生虫": [
            "Parasite"
        ]
    },
    "category": {
        "植物": [
            "Angiospermae",
            "Gymnospermae",
            "Pteridophyta",
            "Bryophyta",
            "Botany",
            "Plantae"
        ],
        "动物": [
            "Reptilia",
            "Amphibia",
            "Fish",
            "Insecta",
            "Aves",
            "Mammalia",
            "Animalia"
        ],
        "真菌": [
            "Lichen",
            "地衣",
            "地衣植物",
            "Macrofungi",
            "Fungi"
        ],
        "假菌": [
            "假菌界",
            "Chromista"
        ],
        "古细菌": [
            "archaea",
            "archaebacteria"
        ],
        "原核生物": [
            "Prokaryotes"
        ],
        "病毒": [
            "virus"
        ]
    },
    "classification": {
        "Lichen": [
            "地衣类",
            "地衣",
            "地衣植物"
        ],
        "Angiospermae": [
            "被子植物",
            "被子",
            "A",
            "1",
            "2A",
            "3",
            "6",
            "6A",
            "7",
            "8",
            "10",
            "11",
            "13",
            "13A",
            "14",
            "15",
            "16",
            "17",
            "18",
            "18A",
            "19",
            "20",
            "21",
            "22",
            "23",
            "24",
            "25",
            "27",
            "28",
            "29",
            "30",
            "32",
            "33",
            "34",
            "35",
            "36",
            "036",
            "37",
            "39",
            "40",
            "41",
            "42",
            "45",
            "47",
            "48",
            "49",
            "50",
            "52",
            "53",
            "54",
            "55",
            "56",
            "57",
            "59",
            "60",
            "60A",
            "61",
            "63",
            "64",
            "65",
            "66",
            "67",
            "69",
            "70",
            "71",
            "72",
            "73",
            "74",
            "75",
            "77",
            "78",
            "78A",
            "79",
            "81",
            "83",
            "84",
            "85",
            "87",
            "88",
            "91",
            "93",
            "94",
            "96",
            "97",
            "98",
            "101",
            "103",
            "104",
            "105",
            "106",
            "107",
            "108",
            "108A",
            "108B",
            "112",
            "113",
            "114",
            "115",
            "116",
            "118",
            "118A",
            "119",
            "120",
            "121",
            "122",
            "123",
            "126",
            "128",
            "130",
            "131",
            "132",
            "133",
            "135",
            "135A",
            "136",
            "136A",
            "139",
            "141",
            "142",
            "143",
            "144",
            "145",
            "146",
            "147",
            "148",
            "150",
            "151",
            "152",
            "154",
            "155",
            "156",
            "158",
            "159",
            "161",
            "162",
            "163",
            "164",
            "165",
            "167",
            "169",
            "170",
            "171",
            "172",
            "173",
            "177",
            "178",
            "179",
            "180",
            "182",
            "183",
            "185",
            "186",
            "189",
            "190",
            "191",
            "193",
            "194",
            "195",
            "196",
            "197",
            "198",
            "198A",
            "198B",
            "200",
            "201",
            "204",
            "205",
            "206",
            "207",
            "207A",
            "209",
            "209A",
            "210",
            "211",
            "212",
            "213",
            "214",
            "215",
            "215A",
            "216",
            "218",
            "219",
            "221",
            "222",
            "222A",
            "223",
            "224",
            "225",
            "228",
            "229",
            "230",
            "230A",
            "231",
            "232",
            "233",
            "234",
            "235",
            "236",
            "238",
            "239",
            "239A",
            "240",
            "241",
            "242",
            "243",
            "244",
            "245",
            "246",
            "247",
            "248",
            "249",
            "250",
            "251",
            "252",
            "253",
            "254",
            "256",
            "257",
            "258",
            "259",
            "261",
            "263",
            "263A",
            "264",
            "265",
            "266",
            "267",
            "268",
            "269",
            "270",
            "271",
            "273",
            "274",
            "275",
            "276",
            "277",
            "278",
            "279",
            "280",
            "281",
            "282",
            "283",
            "285",
            "286",
            "287",
            "288",
            "289",
            "290",
            "291",
            "292",
            "293",
            "295",
            "296",
            "297",
            "298",
            "302",
            "303",
            "304",
            "305",
            "306",
            "307",
            "310",
            "311",
            "313",
            "314",
            "315",
            "316",
            "318",
            "320",
            "321",
            "322",
            "323",
            "326",
            "327",
            "329",
            "330",
            "331",
            "332A",
            "332B",
            "332",
            "078",
            "057",
            "088",
            "011",
            "063",
            "072",
            "053",
            "077",
            "039",
            "023",
            "040",
            "019",
            "018",
            "128a",
            "001",
            "071",
            "069",
            "032",
            "193a",
            "061",
            "015",
            "047",
            "006b",
            "045",
            "006a",
            "042",
            "067",
            "056",
            "030",
            "209a",
            "059",
            "093",
            "207a",
            "024",
            "087",
            "081",
            "098",
            "029",
            "002a",
            "003",
            "209b",
            "021",
            "028",
            "013",
            "084",
            "079",
            "020",
            "215a",
            "065",
            "015a",
            "083",
            "008",
            "054",
            "036a",
            "136a",
            "014",
            "198a",
            "033",
            "048",
            "263a",
            "007",
            "239a",
            "018a",
            "066",
            "066b",
            "085",
            "066a",
            "25a",
            "198b",
            "055",
            "006",
            "016",
            "017",
            "037",
            "041",
            "050",
            "052",
            "064",
            "067a",
            "070",
            "073",
            "074",
            "075",
            "077a",
            "078a",
            "091",
            "096",
            "097",
            "105A",
            "108a",
            "108b",
            "173a",
            "179a",
            "179A",
            "209c",
            "232a",
            "236a",
            "243a"
        ],
        "Bryophyta": [
            "苔藓植物",
            "苔藓"
        ],
        "Fungi": [
            "大型真菌",
            "真菌",
            "菌类植物"
        ],
        "Gymnospermae": [
            "裸子植物",
            "裸子",
            "G",
            "G1",
            "G2",
            "G3",
            "G4",
            "G5",
            "G6",
            "G7",
            "G8",
            "G9",
            "G10",
            "G11",
            "G01",
            "G02",
            "G03",
            "G04",
            "G05",
            "G06",
            "G07",
            "G08",
            "G09"
        ],
        "Insecta": [
            "昆虫",
            "昆虫类"
        ],
        "Pisces": [
            "鱼类"
        ],
        "Amphibia": [
            "两栖动物",
            "两栖",
            "两栖类"
        ],
        "Reptilia": [
            "爬行动物",
            "爬行类",
            "爬行"
        ],
        "Aves": [
            "鸟类",
            "鸟类动物"
        ],
        "Pteridophyta": [
            "蕨类植物",
            "蕨类",
            "P",
            "P.1",
            "P.2",
            "P.3",
            "P.4",
            "P.5",
            "P.6",
            "P.7",
            "P.8",
            "P.9",
            "P.10",
            "P.11",
            "P.12",
            "P.13",
            "P.14",
            "P.15",
            "P.16",
            "P.17",
            "P.18",
            "P.19",
            "P.20",
            "P.21",
            "P.22",
            "P.23",
            "P.24",
            "P.25",
            "P.26",
            "P.27",
            "P.28",
            "P.29",
            "P.30",
            "P.31",
            "P.32",
            "P.33",
            "P.34",
            "P.35",
            "P.36",
            "P.37",
            "P.38",
            "P.39",
            "P.40",
            "P.41",
            "P.42",
            "P.43",
            "P.44",
            "P.45",
            "P.46",
            "P.47",
            "P.48",
            "P.49",
            "P.50",
            "P.51",
            "P.52",
            "P.53",
            "P.54",
            "P.55",
            "P.56",
            "P.57",
            "P.58",
            "P.59",
            "P.60",
            "P.61",
            "P.62",
            "P.63",
            "F27",
            "F09",
            "F45",
            "F56",
            "F36",
            "F31",
            "F03",
            "F18",
            "F11",
            "F33",
            "F20",
            "F06",
            "F02",
            "F52",
            "F46",
            "F22",
            "F39",
            "F05",
            "F15",
            "F43",
            "F23",
            "F51",
            "F17",
            "F13",
            "F42",
            "F41",
            "F38",
            "F37",
            "F08",
            "F8",
            "F26",
            "F61",
            "F01",
            "F04",
            "F10",
            "F14",
            "F19",
            "F30",
            "F32",
            "F35",
            "F50",
            "F54",
            "F57",
            "F60",
            "F62",
            "F63",
            "P23",
            "P17",
            "P24",
            "P27",
            "P19",
            "P4",
            "P38",
            "P31",
            "P3",
            "P22",
            "P50",
            "P36",
            "P46"
        ],
        "Mammalia": [
            "兽类",
            "哺乳动物"
        ]
    },
    "sex": {
        "♂": [
            "Male",
            "male",
            "MALE",
            "雄",
            "雄性"
        ],
        "♀": [
            "Female",
            "female",
            "FEMALE",
            "雌性",
            "雌"
        ],
        "☉": [
            "Unknow",
            "unknow",
            "UNKNOW",
            "未知",
            "o"
        ]
    },
    "lifeForm": {
        "腐生植物": [
            "saprophyte",
            "9"
        ],
        "附生植物": [
            "11",
            "epiphyte",
            "on tree bark",
            "附生草本",
            "多年生附生植物",
            "附生腾本",
            "附生",
            "附生物",
            "附生藤本",
            "Epiphyte",
            "直立草本、附生",
            "附生在树上",
            "Epiphytes",
            "多年生附生草本 ",
            "附生攀援蕨类",
            "附生中小型蕨类"
        ],
        "寄生植物": [
            "10",
            "phytoparasite",
            "一年生寄生性草本",
            "寄生草本",
            "寄生肉质小草本",
            "寄生缠绕草本",
            "寄生灌木",
            "一年生寄生草本",
            "多年生寄生草本",
            "多年生肉质寄生草本",
            "多年生寄生肉质草本",
            "寄生生物",
            "半寄生灌木",
            "寄生",
            "寄附生草本",
            "Parasite",
            "一年生寄生缠绕草本",
            "Parasitic plant"
        ],
        "竹类": [
            "5",
            "bamboo",
            "复轴散生灌木型竹",
            "竹子",
            "合轴丛生小乔木型竹",
            "单轴散生小乔木型竹",
            "合轴散生灌木型竹"
        ],
        "草质藤本": [
            "6",
            "herbal vine",
            "草质缠绕藤本",
            "一年生草质藤本",
            "攀援草木",
            "多年生草质藤本",
            "多年草质藤本",
            "多年生藤本草本",
            "攀援草本",
            "攀缘草本",
            "Climbing herb",
            "多年生藤状草本",
            "攀援草本\u0000\u0000\u0000\u0000",
            "草质藤木",
            "缠绕草本",
            "多年生缠绕草本",
            "草藤本",
            "落叶草质藤本",
            "攀援草质藤本",
            "草本藤木",
            "一年生攀缘草本",
            "多年生草质缠绕藤本",
            "多年蔓生草本",
            "多年生草质藤本缠绕",
            "Herbaceous vine",
            "草状藤本",
            "一年生缠绕草本",
            "多年生攀援草本",
            "半常绿草质藤本",
            "草质攀援藤本",
            "攀援草本、附生",
            "多年生攀援状草质藤本",
            "草纸藤本",
            "多年生草质大藤本",
            "草质攀援藤木",
            "一年生草本，缠绕",
            "草质藤本 ",
            "Herbaceous climber",
            "多年生蔓性草本 ",
            "多年生草质缠绕藤本 ",
            "一年生缠绕性草本",
            "攀援状草本",
            "多年生草质攀援藤木",
            "Twining herb",
            "草木藤本",
            "Climing herb",
            "攀援大型蕨类"
        ],
        "木质藤本": [
            "7",
            "woody vine",
            "常绿木质藤本",
            "常绿藤状灌木",
            "藤状灌木",
            "攀援灌木",
            "落叶藤状灌木",
            "藤本状灌木",
            "蔓生藤状灌木",
            "攀援状灌木",
            "灌木攀缘",
            "藤本木质",
            "木质藤本\u0000\u0000\u0000\u0000",
            "木质藤木",
            "木质腾本",
            "落叶木质藤本",
            "攀援性灌木",
            "攀援亚木质藤本",
            "灌木(木质藤本)",
            "灌木（木质藤本）",
            "常绿攀援亚木质藤本",
            "攀援木质藤本",
            "半常绿木质藤本",
            "木质大藤本",
            "木制藤本",
            "常绿攀援半木质藤本",
            "常绿攀援木质藤本",
            "落叶攀援状灌木 ",
            "爬藤状小灌木",
            "多年生木质藤本",
            "蔓性灌木",
            "攀缘灌木",
            "落叶至常绿攀援灌木",
            "落叶亚木质藤本",
            "亚常绿木质藤本",
            "多年生半木质藤本",
            "多年生半木质缠绕藤本",
            "攀援半木质藤本",
            "常绿攀援灌木",
            "落叶至常绿木质藤本",
            "常绿木质攀援藤本",
            "木质藤灌木状",
            "攀缘状灌木",
            "蔓生灌木",
            "蔓生木本",
            "落叶蔓状灌木",
            "常绿攀援状灌木",
            "常绿蔓性灌木",
            "常绿蔓生小灌木",
            "常绿攀缘状灌木",
            "落叶蔓生灌木",
            "常绿木质大藤本",
            "落叶有刺攀援大灌木",
            "攀援木本",
            "攀援或匍匐灌木",
            "灌木，木质藤本",
            "滕状灌木",
            "藤状或矮灌木",
            "常绿直立或攀援状灌木",
            "木质 藤本",
            "攀援灌木或藤本",
            "灌木藤本",
            "木质藤本 ",
            "木质蔓生",
            "落叶攀援灌木",
            "木质藤本、灌木",
            "木本蔓生",
            "木质藤 本",
            "常绿藤状灌木 ",
            "落叶木质藤本 ",
            "常绿蔓状多刺灌木 ",
            "落叶攀援有刺灌木",
            "常绿蔓状多刺灌木",
            "藤本灌木",
            "木质攀援藤本",
            "藤本木质攀援",
            "藤本木质攀援灌木",
            "荇本木质攀援",
            "木质攀援缠绕",
            "vine shrub",
            "灌木状藤本",
            "灌状藤本",
            "藤本状木质"
        ],
        "藤本": [
            "4",
            "vine",
            "liana",
            "半常绿藤本",
            "藤本 ",
            "革质藤本 ",
            "攀援藤本",
            "粗壮大藤本",
            "落叶藤木",
            "落叶藤本",
            "常绿藤本",
            "一年生藤本",
            "亚藤木",
            "缠绕藤本",
            "大藤苯",
            "藤本　",
            "scandent",
            "Vine.",
            "藤本　緾绕",
            "攀援",
            "stout climber",
            "Scandent",
            "藤本,多分枝",
            "攀缘藤本",
            "多年生藤本",
            "Liana",
            "多年生缠绕藤本",
            "Vine",
            "爬地藤本",
            "匍匐藤本",
            "藤本；附生植物",
            "藤木",
            "常绿缠绕藤本",
            "常绿亚木质藤本",
            "附生肉质藤本",
            "攀援腾本",
            "攀援或匍匐藤本",
            "直立藤本",
            "灌丛藤本",
            "多年生半灌木状藤本",
            "半木质藤本",
            "藤本植物",
            "常绿蔓状藤本",
            "常绿大藤本",
            "革质攀援植物",
            "落叶亚木质藤本 ",
            "蔓生藤本缠绕",
            "藤本攀援",
            "藤本缠绕",
            "藤本，木质，攀援",
            "刺藤",
            "B.攀援",
            "Climber",
            "Twining vines",
            "Herb Twining",
            "Climbing vines",
            "Liana twining",
            "落叶缠绕大藤本"
        ],
        "草本": [
            "1",
            "一年生草本",
            "多年生草本",
            "匍匐草本",
            "直立草本",
            "herb",
            "草本 ",
            "草本  ",
            "常绿草本",
            "一年生草木",
            "水生草本",
            "细柔草本",
            "二年生草本",
            "沉水生草本",
            "直立草木",
            "草木",
            "两年生草本",
            "多生草本",
            "腥臭草本",
            "多年生，少数为二年生草本，稀为半灌木",
            "草本直立",
            "erect herb",
            "Herbs",
            "grass",
            "草本、直立",
            "草本外倾",
            "草本　",
            "herb,stems usually purplish",
            "草本  直立",
            "perennial    herb",
            "草本蔓生",
            "creeping herb",
            "Herbaceous erect",
            "herb.",
            "herbs",
            "多年生",
            "草本 普遍",
            "草本普遍",
            "蕨类",
            "葡地草",
            "多年生中小型草本",
            "多年生直立草本",
            "一年生直立草本",
            "直立草本\u0000\u0000\u0000\u0000",
            "升麻",
            "多年生 草本",
            "披散草本",
            "草本多年生",
            "一年生大型水生草本",
            "多年生水生草本",
            "匍匐草本\u0000\u0000\u0000\u0000",
            "水汁草本",
            "二年生或多年生草本",
            "跨年生草本",
            "一年生攀援草本",
            "二年生直立草本",
            "一二年生草本",
            "一或二年生草本",
            "一年生或二年生草本",
            "跨年至一年生草本",
            "多年生旱生草本",
            "垫状草本",
            "一年或两年生草本",
            "贴生草本",
            "多年生无茎草本",
            "肉质草本",
            "多年生肉质草本",
            "匍匐蔓生草本",
            "多年生铺散草本",
            "匍匐草木",
            "一年生直立或铺散草本",
            "一年生或两年生",
            "一年或二年生草本",
            "丛生草本",
            "一年生草本或多年生草本",
            "匍匍草本",
            "直立草本 ",
            "一年生匍匐草本",
            "一年生",
            "一年生高大草本",
            "多年生蔓生草本",
            "多年生生草本",
            "蔓生草本",
            "一年生蔓性草本",
            "蔓性草本",
            "一年生有刺蔓性草本",
            "铺散草本",
            "直立才笨",
            "匐匍草本",
            "斜升草本",
            "水生植物",
            "小草本",
            "多年生细弱草本 ",
            "一年生草本 ",
            "多年生高大丛生草本 ",
            "多年生草本 ",
            "一年生二年生草本",
            "多年水生草本",
            "一年生或多年生草本",
            "多年生两栖草本",
            "一年生、腐生草本",
            "草质草本",
            "多年生蔓性草本",
            "二年生草丛",
            "跨年至一年生高大草本",
            "一年生或两年生草本",
            "多年生细弱草本",
            "一年生小草本",
            "多年生常绿草本",
            "近葶状草本",
            "跨年至一年生小草本",
            "多年生冬枯草本",
            "一年至多年生草本",
            "跨年生至一年生草本",
            "跨年生宿根草本",
            "多年生小草本",
            "一年生肉质匍地草本",
            "多年生有腥味草本",
            "多年生匍匐草本",
            "多年生沉水草本",
            "多年生草本植物",
            "二两年生草本",
            "多年生硬质草本",
            "二年或多年生草",
            "多年生草",
            "草本至亚灌木",
            "跨年生高大草本",
            "多年生高大草本",
            "一年生多汁草本",
            "多年生草本至亚灌木",
            "多年生水生植物",
            "多年生蕨类植物",
            "一年生草本植物",
            "湿生植物",
            "多年生单子叶植物",
            "多年生禾草",
            "草本植物",
            "一、二年生草本",
            "Herb",
            "二年或多年生草本",
            "两年或多年生草本",
            "腐生草本",
            "多奈生草本",
            "多年生附生草本",
            "多年生植物",
            "越年生草本植物",
            "多年生丛生草本",
            "Erect herb",
            "葡匐草本",
            "一年生具乳汁草本",
            "一年生匍地草本",
            " 多年生草本",
            "多年生直立或铺散草本",
            "多年生多汁草本",
            "沼生草本",
            "直立高大草本",
            "一年生；草本",
            "多年生粗壮草本",
            "草末",
            "平卧草本",
            "莲座状无茎草本",
            "挺水植物",
            "一年水生草本",
            "小草本；",
            "一年生或者两年生草本",
            "直立草本、匍匐草本",
            "一年生水生草本",
            "一年生草本？",
            "操本",
            "直立草本5-10cm",
            "攀缘草本,匍匐草本",
            "半直立草本",
            "草质",
            "多年年生草本",
            "多年生沼生草本",
            "自立草本",
            "匍卧草本",
            "直立早本",
            "湿生草本",
            "草本竹类",
            "一年草本",
            "禾本",
            "直立草本，多年生草本，分节管状",
            "一年生、水生草本",
            "（一年生）草本",
            "（二年生）草本",
            "一或多年生草本",
            "匍匐细弱草本",
            "一年两年生草本",
            "一年、两年生草本",
            "多年生草本本",
            "一至多年生草本",
            "多年生高大丛生竹状草本",
            "落叶草本",
            "短期多年生草本",
            "一年生 草本",
            "二年生 草本",
            "二年生\\多年生草本",
            "一年或多年生草本",
            "多年生乔草",
            "两年生或多年生草本植物",
            "Perennial herb",
            "Herb ",
            "Annal herb.",
            "Annal herb",
            "Biennial herb",
            "一年生肉质小草本",
            "一年生小草本 ",
            "跨年至一年生草本 ",
            "一年至多年生草本 ",
            "多年生湿生草本 ",
            " 草本",
            "多年生攀援草本 ",
            "一年生高大草本 ",
            "多年生匍匐草本 ",
            "多年生高大草本 ",
            "一年生或冬性禾草",
            "多年生密丛草本",
            "多年生草本或略成半灌木状植物",
            "多年生草本或近一、二年生草本",
            "多年生禾本",
            "一年生草本（有时二年生）",
            "一年生至多年生草本",
            "直立多年生草本",
            "一年生直立或平卧草本",
            "多年生草木",
            "草本+AAH30:AN30",
            "一年至两年生草本",
            "越年生或一年生草本",
            "草",
            "贴地草本",
            "草旬草丛中",
            "蔓状灌木",
            "匍状草本",
            "蔓生匍匐草本",
            "草本匍匐",
            "多汁草本",
            "Perennial Herb",
            "annual",
            "匍匐状草本",
            "cultivated perennial",
            "一至二年生草本",
            "Annual herb",
            "一年生灌状草本",
            "多年生丛生状草本",
            "【本物种需要自己再判断】草本",
            "多年生常绿湿生草本",
            "多年生地生草本",
            "多年生湿生草本",
            "x草本",
            "常绿小型蕨类",
            "小型蕨类",
            "中型蕨类",
            "中小型蕨类",
            "漂浮水生蕨类",
            "喜阴中型蕨类",
            "中大型蕨类",
            "小型漂浮蕨类",
            "一年生矮小草本",
            "一至多年生肉质草本",
            "一年生无毛草本",
            "多年生有刺蔓性草本",
            "一年生肉质缠绕草本",
            "一年生浮水草本",
            "一年生半蔓性草本",
            "多年生宿根草本",
            "一年生纤细草本",
            "多年生半木质高大草本",
            "跨年至一年生铺散草本",
            "攀援或缠绕草本",
            "一年生柔弱草本",
            "浮水草本",
            "一年生沼生或水生草本",
            "常绿灌木状草本",
            "多年生高大丛生草本"
        ],
        "半灌木": [
            "12",
            "亚灌木",
            "subshrub",
            "常绿半灌木",
            "多年生半灌木",
            "垫状半灌木",
            "半灌木；多年生",
            "半灌木状草本",
            "半灌木状藤本",
            "匍匐半灌木状草本",
            "一年生亚灌木状草本",
            "半常绿有刺半灌木",
            "匍匐亚灌木",
            "多年生灌木状草本",
            "落叶半灌木",
            "矮小半灌木",
            "落叶亚灌木",
            "一年生半灌木状草本",
            "多年生半灌木状草本",
            "多年生亚灌木状草本",
            "亚灌木状草本",
            "乔木状蕨类",
            "直立半灌木",
            "半灌木、草本",
            "直立亚灌木",
            "一年生或多年生亚灌木状草本",
            "一年生草本（灌状）",
            "小半灌木",
            "亚灌木或近于垫状小灌木",
            "一年生半灌木",
            "攀援半灌木",
            "半灌木或多年生草本",
            "多年生亚灌木",
            "多年生草本或亚灌木植物",
            "多面生半灌木",
            "盐生半灌木",
            "半灌木或灌木",
            "Subshrub",
            "灌木状草本",
            "多年生草本至亚灌木 ",
            "一年生半灌木状草本 ",
            "草本或半灌木状",
            "常绿性小型亚灌木",
            "草质半灌木",
            "多年生草本或略成半灌木状",
            "多年生草本或亚灌木",
            "一年生亚灌木草本",
            "匍匐状半灌木",
            "草本或亚灌木",
            "亚灌",
            "一年生亚木质草本"
        ],
        "灌木": [
            "3",
            "shrub",
            "灌木 ",
            "灌木或小乔木",
            "落叶灌木",
            "落叶灌木或小乔木",
            "常绿灌木或小乔木",
            "灌木至小乔木",
            "半常绿灌木",
            "直立灌木",
            "常绿灌木",
            "落叶或半常绿灌木",
            "灌丛 ",
            "常绿小灌木",
            "小灌木",
            "林叶灌木",
            "灌丛中",
            "落叶灌木雄花序短苞片淡紫红色",
            "灌木直立上升",
            "erect  herb",
            "灌木　",
            "灌木 直立",
            "woody",
            "灌木中落叶",
            "small shrub",
            "woody erect",
            "匍匐灌木",
            "高大灌木",
            "灌木，少数",
            "灌木直立",
            "大灌木",
            "灌木\u0000\u0000",
            "直立或者攀援灌木",
            "灌木(藤本)",
            "落叶灌至小乔木",
            "Shrub",
            "灌木、胸径16cm",
            "灌木、胸径15cm",
            "灌木或乔木",
            "丛生灌木",
            "落叶攀援状灌木",
            "半直立蔓性灌木",
            "直立或攀援状灌木",
            "落叶小灌木",
            "常绿灌",
            "落叶至半常绿灌木",
            "常绿灌至小乔木",
            "半常绿攀援灌木",
            "矮小灌木",
            "直立或蔓性半常绿灌木",
            "草本状灌木",
            "矮小直立灌木",
            "落叶灌木或乔木",
            "亚常绿小灌木",
            "常绿灌木或乔木",
            "落叶大灌木",
            "灌木、附生植物",
            "常绿匍匐灌木",
            "落叶有刺灌木",
            "落叶至半常绿有刺灌木",
            "半常绿有刺小灌木",
            "木本灌木",
            "多年生灌木",
            "亚常绿灌木",
            "灌木或亚灌木",
            "灌木、攀延状灌木",
            "灌本",
            "落叶有刺灌至小乔木",
            "附生灌木",
            "半常绿灌至小乔木",
            "灌木或小乔",
            "落叶多刺灌木",
            "灌丛",
            "多年生小灌木",
            "灌木—小乔木",
            "常绿有刺小灌木",
            "常绿直立灌木",
            "落叶至常绿灌木",
            "落叶直立至攀援状灌木",
            "灌木至乔木",
            "灌森",
            "亚乔木",
            "灌木\\小乔木",
            "灌木\\乔木",
            "落叶灌木至小乔木 ",
            "落叶灌至小乔木 ",
            "落叶小灌木 ",
            "常绿灌至小乔木 ",
            "落叶有刺灌木 ",
            "半常绿灌至乔木 ",
            "落叶灌木 ",
            "常绿有刺灌木 ",
            "多棘刺灌木",
            "旱生小灌木",
            "落叶性灌木",
            "灌木林",
            "灌木-小乔木",
            "路边灌木，蔓灌",
            "常绿灌木直立",
            "灌木，常绿",
            "披散灌木",
            "蔓性小灌木",
            "灌木（幼株）",
            "灌木灌木",
            "垫状灌木",
            "蔓灌",
            "藤状小灌木",
            "披散状灌木",
            "Cultivated shrub",
            "Shrub Climbing",
            "Climbing shrub",
            "常绿寄生灌木",
            "灌木胸径15cm",
            "灌木或半灌木",
            "乔木状灌木",
            "落叶丛生状灌木",
            "落叶灌至乔木",
            "半常绿直立灌木",
            "落叶蔓性至直立有刺灌木",
            "半常绿蓬性灌木",
            "落叶至半常绿攀援蓬性灌木",
            "落叶或半常绿具刺灌木",
            "常绿有刺灌木",
            "常绿倾卧状灌木",
            "落叶亚灌至灌木"
        ],
        "乔木": [
            "2",
            "常绿乔木",
            "落叶乔木",
            "大乔木",
            "小乔木",
            "tree",
            "常绿大乔木",
            "乔木+",
            "常年小乔木",
            "绿叶乔木",
            "落叶小乔木",
            "桥本",
            "落木",
            "下乔木",
            "常绿小乔木",
            "乔木 ",
            "小乔本",
            "乔木直立",
            "tree bark",
            "Tree",
            "乔木\u0000\u0000",
            "小乔木或灌木",
            "乔木、胸径10cm",
            "乔木、胸径14cm",
            "乔木、胸径8cm",
            "乔木、胸径60cm",
            "乔木、胸径30cm",
            "乔木、胸径16cm",
            "半常绿乔木",
            "乔木(胸径6cm)",
            "乔木(胸径8cm)",
            "乔木(胸径15cm)",
            "乔木(胸径25cm)",
            "乔木(胸径4cm）",
            "乔木(胸径6cm）",
            "乔木(胸径20cm）",
            "乔木(胸径50cm）",
            "乔木(胸径10cm）",
            "乔木（胸径30cm）",
            "落叶小乔至乔木",
            "半常绿小乔木",
            "亚常绿乔木",
            "乔木、胸径26cm",
            "乔木（胸径16cm）",
            "乔木，胸径10cm",
            "乔木，胸径6cm",
            "乔木（胸径20cm）",
            "乔木（胸径10cm）",
            "乔木（胸径3cm）",
            "乔木、46cm",
            "落叶乔木 ",
            "乔木（胸径18cm）",
            "桥木",
            "乔木（胸径24cm）",
            "乔本",
            "乔木[胸径30cm]",
            "乔木[胸径20cm]",
            "乔木或灌木",
            "乔木灌木",
            "侨",
            "乔木[胸径16cm]",
            "灌木状小乔木",
            "乔木；灌木",
            "乔木（胸径14cm）",
            "乔木（胸径8cm）",
            "乔木（胸径40cm）",
            "乔木，胸径26cm",
            "落叶乔木或灌木",
            "多年生乔木",
            "乔",
            "桤木",
            "常绿小乔至乔木",
            "落叶小乔木 ",
            "落叶灌至乔木 ",
            "落叶至亚常绿乔木 ",
            "常绿小乔木 ",
            "落叶乔木或小乔木",
            "小乔木-灌木",
            "乔木有刺",
            "黄色小乔木2-3米",
            "乔木、直立",
            "small tree",
            "乔木灌木状",
            "Evergreen tree",
            "Cultivated tree",
            "vase-shaped tree",
            "乔木胸径26cm",
            "Small tree",
            "乔木胸径25cm",
            "乔木状",
            "落叶大乔木",
            "半常绿至常绿乔木"
        ],
        "木本": []
    },
    "basisOfRecord": {
        "生物痕迹": [],
        "人类观察": [
            "人体感知",
            "人眼观察",
            "人为观察"
        ],
        "机器记录": [
            "设备记录"
        ],
        "馆藏标本": [
            "PRESERVED_SPECIMEN"
        ],
        "活体标本": [
            "LIVING_SPECIMEN"
        ],
        "化石标本": [
            "FOSSIL_SPECIMEN"
        ],
        "文献记录": [],
        "不清": [
            "UNKNOWN"
        ]
    },
    "preparations": {
        "罐装": [
            "瓶装",
            "瓶装标本"
        ],
        "覆膜": [],
        "干制": [
            "干制"
        ],
        "腊叶": [
            "蜡叶标本"
        ],
        "镜框": [],
        "液浸(福尔马林)": [
            "浸泡标本",
            "fluid"
        ],
        "液浸(酒精)": [
            "浸泡标本",
            "fluid"
        ],
        "液浸(其他)": [
            "浸泡标本",
            "fluid"
        ],
        "鸟蛋": [
            "鸟卵",
            "鸟蛋",
            "egg"
        ],
        "鸟巢": [
            "nest",
            "鸟巢"
        ],
        "皮毛": [],
        "颅骨": [
            "skull"
        ],
        "巢基": [
            "skeleton"
        ],
        "后颅": [
            "post-cranial"
        ],
        "剥制": [],
        "假剥制": [],
        "骨骼": [],
        "皮张": [
            "skin"
        ],
        "羽毛": [],
        "塑化": [],
        "切片": [],
        "模型": [],
        "化石": [],
        "玻片": [],
        "针插": [],
        "植株": [],
        "木材": [],
        "包埋": [],
        "矿物": [],
        "文物": [],
        "其他": []
    },
    "preservedLocation": {}
}